Start Year,Total Deaths,No. Injured,No. Affected,No. Homeless,Total Affected,Total Damage ('000 US$),log_deaths,log_injured,log_affected,log_damage,severity_score,severity_level
2010,0.0,0.0,30000.0,0.0,30000.0,0.0,0.0,0.0,10.308985993422082,0.0,2.5772464983555206,0
2023,10.0,0.0,0.0,0.0,0.0,0.0,2.3978952727983707,0.0,0.0,0.0,0.9591581091193483,0
2018,44.0,0.0,0.0,0.0,0.0,0.0,3.8066624897703196,0.0,0.0,0.0,1.522664995908128,0
2000,130.0,0.0,0.0,0.0,0.0,0.0,4.875197323201151,0.0,0.0,0.0,1.9500789292804606,0
2000,20.0,0.0,3000000.0,0.0,3000000.0,0.0,3.044522437723423,0.0,14.914123179965662,0.0,4.946339770080785,2
2020,14.0,0.0,0.0,0.0,0.0,600000.0,2.70805020110221,0.0,0.0,13.304686600863562,3.0789230705704185,1
2016,8.0,308.0,10500.0,0.0,10808.0,75000.0,2.1972245773362196,5.733341276897746,9.288134399416203,11.225256725762893,6.031380195032522,2
2004,16389.0,6913.0,647599.0,0.0,654512.0,1022800.0,9.704426671737876,8.84130362048157,13.391646726625286,13.838055500106943,11.073651399463827,2
2007,225.0,0.0,63000.0,0.0,63000.0,0.0,5.420534999272286,0.0,11.050905878263567,0.0,4.930940469274806,2
2003,25.0,0.0,0.0,0.0,0.0,0.0,3.258096538021482,0.0,0.0,0.0,1.3032386152085929,0
2018,42.0,200.0,0.0,0.0,200.0,100000.0,3.7612001156935624,5.303304908059076,5.303304908059076,11.51293546492023,5.617907574642043,2
2001,27.0,0.0,0.0,0.0,0.0,0.0,3.332204510175204,0.0,0.0,0.0,1.3328818040700816,0
2005,250.0,0.0,5000.0,0.0,5000.0,50000.0,5.5254529391317835,0.0,8.517393171418904,10.819798284210286,5.962499211138983,2
2018,61.0,0.0,0.0,0.0,0.0,50000.0,4.127134385045092,0.0,0.0,10.819798284210286,3.2738234966495794,1
2018,52.0,0.0,0.0,0.0,0.0,0.0,3.970291913552122,0.0,0.0,0.0,1.5881167654208488,0
2005,1309.0,6622.0,0.0,150000.0,156622.0,1000000.0,7.177782416195197,8.798303718484979,11.96159692276329,13.815511557963774,9.693499674560464,2
2008,37.0,0.0,0.0,0.0,0.0,0.0,3.6375861597263857,0.0,0.0,0.0,1.4550344638905544,0
2019,12.0,0.0,27500.0,0.0,27500.0,0.0,2.5649493574615367,0.0,10.221977646629885,0.0,3.581474154642086,1
2010,17.0,0.0,0.0,0.0,0.0,0.0,2.8903717578961645,0.0,0.0,0.0,1.1561487031584659,0
2010,28.0,0.0,0.0,5000.0,5000.0,0.0,3.367295829986474,0.0,8.517393171418904,0.0,3.4762666248493157,1
2012,16.0,0.0,0.0,0.0,0.0,0.0,2.833213344056216,0.0,0.0,0.0,1.1332853376224865,0
2009,10.0,0.0,0.0,0.0,0.0,0.0,2.3978952727983707,0.0,0.0,0.0,0.9591581091193483,0
2013,3.0,70.0,59280.0,0.0,59350.0,120000.0,1.3862943611198906,4.2626798770413155,10.99122424909553,11.695255355062795,5.909148085389521,2
2013,174.0,0.0,500000.0,0.0,500000.0,2000.0,5.1647859739235145,0.0,13.122365377402328,7.601402334583733,6.486716084107549,2
2021,2.0,10.0,3000.0,0.0,3010.0,0.0,1.0986122886681098,2.3978952727983707,8.010027528481734,0.0,2.9215308521473515,1
2015,44.0,25.0,0.0,2097.0,2122.0,76000.0,3.8066624897703196,3.258096538021482,7.660585461703256,11.23850177707664,5.775205935499734,2
2006,32.0,0.0,10800.0,0.0,10800.0,0.0,3.4965075614664802,0.0,9.287394001418473,0.0,3.7204515249412102,1
2017,22.0,0.0,0.0,0.0,0.0,0.0,3.1354942159291497,0.0,0.0,0.0,1.25419768637166,0
2017,284.0,0.0,520000.0,0.0,520000.0,250000.0,5.652489180268651,0.0,13.161586013632684,12.429220196836383,7.415775205041088,2
2010,25.0,0.0,0.0,0.0,0.0,0.0,3.258096538021482,0.0,0.0,0.0,1.3032386152085929,0
2022,25.0,0.0,0.0,0.0,0.0,0.0,3.258096538021482,0.0,0.0,0.0,1.3032386152085929,0
2022,2035.0,1260.0,1300000.0,0.0,1301260.0,4200000.0,7.618742377670413,7.13966033596492,14.078844352285769,15.250595321348806,10.282729404534912,2
2023,16.0,14.0,0.0,0.0,14.0,0.0,2.833213344056216,2.70805020110221,2.70805020110221,0.0,2.351907928118481,0
2023,11.0,330.0,0.0,0.0,330.0,0.0,2.4849066497880004,5.802118375377063,5.802118375377063,0.0,3.6049159288348784,1
2023,0.0,0.0,1000.0,0.0,1000.0,0.0,0.0,0.0,6.90875477931522,0.0,1.727188694828805,0
2023,179.0,460.0,0.0,0.0,460.0,0.0,5.19295685089021,6.133398042996649,6.133398042996649,0.0,4.837211859704576,2
2023,0.0,0.0,500000.0,0.0,500000.0,0.0,0.0,0.0,13.122365377402328,0.0,3.280591344350582,1
2023,1529.0,0.0,10250000.0,0.0,10250000.0,0.0,7.333023014386481,0.0,16.142788361109663,0.0,6.968906296032008,2
2023,23.0,0.0,0.0,0.0,0.0,0.0,3.1780538303479458,0.0,0.0,0.0,1.2712215321391784,0
2023,10.0,0.0,605.0,0.0,605.0,0.0,2.3978952727983707,0.0,6.406879986069314,0.0,2.560878105636677,0
2023,12.0,14.0,1060.0,0.0,1074.0,0.0,2.5649493574615367,2.70805020110221,6.980075940561763,0.0,3.3126087683454974,1
2023,20.0,0.0,4390000.0,0.0,4390000.0,125000.0,3.044522437723423,0.0,15.29484001284176,11.736077016252437,6.801930530737675,2
2023,24.0,25.0,0.0,0.0,25.0,0.0,3.2188758248682006,3.258096538021482,3.258096538021482,0.0,2.7536937720569474,1
2024,4.0,7.0,22810.0,115.0,22932.0,0.0,1.6094379124341003,2.0794415416798357,10.040332200263972,0.0,3.5697465233756005,1
2024,733.0,25000.0,0.0,0.0,25000.0,0.0,6.598509028614515,10.12667110305036,10.12667110305036,0.0,7.196405607818468,2
2024,1.0,0.0,77000.0,0.0,77000.0,0.0,0.6931471805599453,0.0,11.251573687764477,0.0,3.0901522941650974,1
2024,16.0,75.0,0.0,0.0,75.0,0.0,2.833213344056216,4.330733340286331,4.330733340286331,0.0,3.0821153407513355,1
2024,51.0,500.0,2109143.0,0.0,2109643.0,0.0,3.9512437185814275,6.2166061010848646,14.562029770838217,0.0,6.464326150359099,2
2024,48.0,0.0,2100000.0,0.0,2100000.0,0.0,3.8918202981106265,0.0,14.557448378884015,0.0,5.196090213965254,2
2024,125.0,20.0,1000000.0,0.0,1000020.0,0.0,4.836281906951478,3.044522437723423,13.815531557743777,0.0,5.9973001397612204,2
2024,378.0,91.0,0.0,3000.0,3091.0,140000.0,5.937536205082426,4.5217885770490405,8.036573409707312,11.849404844423074,7.065926276533068,2
2024,46.0,0.0,0.0,0.0,0.0,0.0,3.8501476017100584,0.0,0.0,0.0,1.5400590406840236,0
2024,26.0,0.0,1700000.0,0.0,1700000.0,0.0,3.295836866004329,0.0,14.346139397261565,0.0,4.904869595717123,2
2024,10.0,0.0,90.0,0.0,90.0,0.0,2.3978952727983707,0.0,4.51085950651685,0.0,2.0868729857485606,0
2024,25.0,23.0,8007150.0,0.0,8007173.0,0.0,3.258096538021482,3.1780538303479458,15.895848447804044,0.0,5.912811493229193,2
2024,15.0,0.0,0.0,0.0,0.0,0.0,2.772588722239781,0.0,0.0,0.0,1.1090354888959124,0
2024,9.0,12.0,3810000.0,0.0,3810012.0,73300.0,2.302585092994046,2.5649493574615367,15.153143159170554,11.202329530346486,6.902659128034536,2
2024,20.0,0.0,0.0,0.0,0.0,0.0,3.044522437723423,0.0,0.0,0.0,1.2178089750893693,0
2025,8.0,46.0,173.0,0.0,219.0,0.0,2.1972245773362196,3.8501476017100584,5.393627546352362,0.0,2.99732623786459,1
2025,2.0,67.0,3000.0,0.0,3067.0,2900.0,1.0986122886681098,4.219507705176107,8.028781162487148,7.972810784121404,4.4864633647424625,1
2025,2.0,2.0,2500.0,0.0,2502.0,0.0,1.0986122886681098,1.0986122886681098,7.8252452914317745,0.0,2.6154786960588097,1
2025,14.0,16.0,35.0,0.0,51.0,0.0,2.70805020110221,2.833213344056216,3.9512437185814275,0.0,2.637673678897484,1
2025,50.0,0.0,1441247.0,0.0,1441247.0,0.0,3.9318256327243257,0.0,14.181019962880141,0.0,5.117985243809766,2
2025,27.0,1.0,33583.0,0.0,33584.0,0.0,3.332204510175204,0.6931471805599453,10.421834817700965,0.0,4.0769699446073115,1
2025,140.0,74.0,80000.0,0.0,80074.0,0.0,4.948759890378168,4.31748811353631,11.29071897447736,0.0,5.6656813224778695,2
2025,105.0,0.0,0.0,0.0,0.0,0.0,4.663439094112067,0.0,0.0,0.0,1.865375637644827,0
2025,61.0,300.0,0.0,0.0,300.0,0.0,4.127134385045092,5.707110264748875,5.707110264748875,0.0,4.219053373155031,1
2025,41.0,0.0,3500.0,0.0,3500.0,0.0,3.7376696182833684,0.0,8.160803920954665,0.0,3.535268827552014,1
2025,52.0,0.0,400000.0,0.0,400000.0,0.0,3.970291913552122,0.0,12.899222326086994,0.0,4.812922346942598,2
2025,33.0,0.0,900.0,0.0,900.0,0.0,3.5263605246161616,0.0,6.803505257608338,0.0,3.1114205242485493,1
2025,32.0,13.0,0.0,2500.0,2513.0,2200.0,3.4965075614664802,2.6390573296152584,7.829630389150193,7.696667081526462,5.038322150026161,2
2025,3.0,0.0,0.0,0.0,0.0,40000.0,1.3862943611198906,0.0,0.0,10.596659732783579,2.1440167043654927,0
2018,504.0,0.0,23000000.0,220000.0,23220000.0,2852480.0,6.22455842927536,0.0,16.96052457730034,14.863699699872345,8.959509471016082,2
2019,90.0,0.0,0.0,0.0,0.0,0.0,4.51085950651685,0.0,0.0,0.0,1.80434380260674,0
2019,50.0,0.0,0.0,0.0,0.0,0.0,3.9318256327243257,0.0,0.0,0.0,1.5727302530897305,0
2020,11.0,0.0,0.0,0.0,0.0,0.0,2.4849066497880004,0.0,0.0,0.0,0.9939626599152002,0
2020,90.0,0.0,18000000.0,0.0,18000000.0,13500000.0,4.51085950651685,0.0,16.705882371415992,16.41820031748273,8.443544443083148,2
2021,198.0,153.0,700000.0,0.0,700153.0,1400000.0,5.293304824724492,5.0369526024136295,13.45905558982909,14.151983508870947,8.612273874160438,2
2021,19.0,0.0,1625000.0,0.0,1625000.0,3000000.0,2.995732273553991,0.0,14.301018989130402,14.914123179965662,7.010666133699045,2
2021,59.0,0.0,1000.0,0.0,1000.0,100000.0,4.0943445622221,0.0,6.90875477931522,11.51293546492023,5.09186683945568,2
2021,1282.0,0.0,375000.0,0.0,375000.0,3100000.0,7.1569563646156364,0.0,12.834683971615659,14.946912992035967,8.313490487555566,2
2021,14.0,0.0,11000.0,0.0,11000.0,0.0,2.70805020110221,0.0,9.305741456739435,0.0,3.4096554446257428,1
2021,62.0,0.0,74500.0,0.0,74500.0,0.0,4.143134726391533,0.0,11.218567827096358,0.0,4.461895847330703,1
2022,67.0,0.0,0.0,0.0,0.0,0.0,4.219507705176107,0.0,0.0,0.0,1.6878030820704428,0
2023,62.0,0.0,5.0,0.0,5.0,3000.0,4.143134726391533,0.0,1.791759469228055,8.006700845440367,3.3061988846796817,1
2000,58.0,38.0,7000.0,0.0,7038.0,0.0,4.07753744390572,3.6635616461296463,8.85922139360813,0.0,4.57853265519025,1
2000,179.0,16.0,0.0,252000.0,252016.0,173000.0,5.19295685089021,2.833213344056216,12.437251824535675,12.06105265381003,7.56229626337275,2
2000,884.0,0.0,24600000.0,0.0,24600000.0,691500.0,6.785587645007929,0.0,17.018257041552996,13.446619876217502,8.985792299824045,2
2001,86.0,0.0,40000.0,0.0,40000.0,116924.0,4.465908118654584,0.0,10.596659732783579,11.669287982594087,6.185921378046841,2
2001,16.0,0.0,0.0,0.0,0.0,0.0,2.833213344056216,0.0,0.0,0.0,1.1332853376224865,0
2001,78.0,0.0,25000.0,2000.0,27000.0,0.0,4.3694478524670215,0.0,10.203629181337648,0.0,4.298686436321221,1
2001,146.0,0.0,0.0,0.0,0.0,103000.0,4.990432586778736,0.0,0.0,11.542493975902508,3.7275471310968706,1
2002,0.0,200.0,10000.0,0.0,10200.0,0.0,0.0,5.303304908059076,9.23024103368252,0.0,3.3682212400324447,1
2002,549.0,0.0,42000000.0,0.0,42000000.0,30772.0,6.309918278226516,0.0,17.553180200057167,10.33439296112607,8.462421305473809,2
2002,2.0,0.0,0.0,200.0,200.0,0.0,1.0986122886681098,0.0,5.303304908059076,0.0,1.765271142482013,0
2002,20.0,0.0,200.0,0.0,200.0,0.0,3.044522437723423,0.0,5.303304908059076,0.0,2.543635202104138,0
2002,900.0,0.0,0.0,0.0,0.0,0.0,6.803505257608338,0.0,0.0,0.0,2.721402103043335,1
2003,13.0,0.0,10000.0,4500.0,14500.0,0.0,2.6390573296152584,0.0,9.581972891547895,0.0,3.4511161547330773,1
2003,37.0,0.0,0.0,0.0,0.0,0.0,3.6375861597263857,0.0,0.0,0.0,1.4550344638905544,0
2004,45.0,0.0,1000.0,0.0,1000.0,0.0,3.828641396489095,0.0,6.90875477931522,0.0,3.2586452534244432,1
2004,160.0,0.0,0.0,100000.0,100000.0,0.0,5.081404364984463,0.0,11.51293546492023,0.0,4.9107956122238425,2
2009,45.0,0.0,0.0,0.0,0.0,0.0,3.828641396489095,0.0,0.0,0.0,1.5314565585956381,0
2014,27.0,0.0,0.0,0.0,0.0,0.0,3.332204510175204,0.0,0.0,0.0,1.3328818040700816,0
2004,210.0,0.0,100000.0,0.0,100000.0,276000.0,5.351858133476067,0.0,11.51293546492023,12.52815976788113,6.898201084802653,2
2005,329.0,0.0,0.0,0.0,0.0,0.0,5.799092654460526,0.0,0.0,0.0,2.3196370617842104,0
2005,1200.0,55.0,20000000.0,0.0,20000055.0,3330000.0,7.0909098220799835,4.02535169073515,16.811245631514346,15.018483162256882,10.097018149196142,2
2005,162.0,0.0,2000000.0,0.0,2000000.0,0.0,5.093750200806762,0.0,14.508658238524095,0.0,5.664664639953729,2
2006,130.0,0.0,300000.0,0.0,300000.0,0.0,4.875197323201151,0.0,12.611541086966115,0.0,5.102964201021989,2
2006,15.0,0.0,800.0,0.0,800.0,0.0,2.772588722239781,0.0,6.68586094706836,0.0,2.7805007256630025,1
2006,114.0,300.0,0.0,150000.0,150300.0,0.0,4.74493212836325,5.707110264748875,11.92039522907888,0.0,6.019493711564795,2
2006,61.0,113.0,0.0,0.0,113.0,0.0,4.127134385045092,4.736198448394496,4.736198448394496,0.0,3.7821430557955598,1
2006,39.0,0.0,0.0,0.0,0.0,0.0,3.6888794541139363,0.0,0.0,0.0,1.4755517816455745,0
2006,185.0,0.0,2000000.0,0.0,2000000.0,0.0,5.225746673713202,0.0,14.508658238524095,0.0,5.717463229116305,2
2007,127.0,0.0,200000.0,0.0,200000.0,0.0,4.852030263919617,0.0,12.206077645517674,0.0,4.9923315169472655,2
2007,16.0,0.0,0.0,0.0,0.0,0.0,2.833213344056216,0.0,0.0,0.0,1.1332853376224865,0
2007,94.0,0.0,20000.0,0.0,20000.0,0.0,4.553876891600541,0.0,9.90353755128617,0.0,4.297435144461759,1
2007,0.0,0.0,0.0,0.0,0.0,0.0,0.0,0.0,0.0,0.0,0.0,0
2007,66.0,25.0,0.0,0.0,25.0,0.0,4.204692619390966,3.258096538021482,3.258096538021482,0.0,3.1480204898660533,1
2008,74.0,0.0,0.0,0.0,0.0,0.0,4.31748811353631,0.0,0.0,0.0,1.726995245414524,0
2008,1063.0,0.0,7900000.0,0.0,7900000.0,123000.0,6.96979066990159,0.0,15.882373444019521,11.719947764402807,8.516501793625938,2
2008,142.0,0.0,225000.0,0.0,225000.0,0.0,4.962844630259907,0.0,12.323860125621126,0.0,5.066102883509244,2
2009,15.0,50.0,5000.0,4000.0,9050.0,0.0,2.772588722239781,3.9318256327243257,9.11063052782717,0.0,4.17305824739757,1
2009,120.0,25.0,0.0,0.0,25.0,0.0,4.795790545596741,3.258096538021482,3.258096538021482,0.0,3.3844596603483637,1
2009,355.0,0.0,4100000.0,0.0,4100000.0,2150000.0,5.87493073085203,0.0,15.226497775576945,14.580978865220017,8.343743566018052,2
2010,11.0,0.0,0.0,0.0,0.0,0.0,2.4849066497880004,0.0,0.0,0.0,0.9939626599152002,0
2009,52.0,0.0,0.0,0.0,0.0,0.0,3.970291913552122,0.0,0.0,0.0,1.5881167654208488,0
2009,20.0,0.0,0.0,0.0,0.0,0.0,3.044522437723423,0.0,0.0,0.0,1.2178089750893693,0
2010,32.0,0.0,0.0,0.0,0.0,0.0,3.4965075614664802,0.0,0.0,0.0,1.3986030245865921,0
2010,53.0,0.0,0.0,400000.0,400000.0,447000.0,3.9889840465642745,0.0,12.899222326086994,13.010316110729669,6.7719466167569085,2
2010,0.0,0.0,12500.0,0.0,12500.0,0.0,0.0,0.0,9.433563920090563,0.0,2.358390980022641,0
2011,47.0,0.0,0.0,250000.0,250000.0,375625.0,3.871201010907891,0.0,12.429220196836383,12.836349246497683,6.581237840546905,2
2011,132.0,0.0,0.0,0.0,0.0,0.0,4.890349128221754,0.0,0.0,0.0,1.9561396512887015,0
2012,40.0,0.0,70000.0,0.0,70000.0,0.0,3.713572066704308,0.0,11.156264806643742,0.0,4.274495028342659,1
2012,21.0,0.0,2000000.0,0.0,2000000.0,98000.0,3.091042453358316,0.0,14.508658238524095,11.49273296168228,6.587491485226693,2
2012,249.0,0.0,0.0,0.0,0.0,0.0,5.521460917862246,0.0,0.0,0.0,2.2085843671448986,0
2012,26.0,0.0,9460.0,0.0,9460.0,16000.0,3.295836866004329,0.0,9.154933364704444,9.680406499268875,5.059129062468174,2
2013,72.0,0.0,375000.0,0.0,375000.0,260000.0,4.290459441148391,0.0,12.834683971615659,12.468440756144114,6.795120882784889,2
2014,24.0,0.0,0.0,0.0,0.0,0.0,3.2188758248682006,0.0,0.0,0.0,1.2875503299472804,0
2014,151.0,0.0,0.0,200.0,200.0,0.0,5.0238805208462765,0.0,5.303304908059076,0.0,3.3353784353532796,1
2014,53.0,0.0,920000.0,0.0,920000.0,7000000.0,3.9889840465642745,0.0,13.732130035981154,15.76142084987672,7.392839255102507,2
2014,16.0,0.0,0.0,0.0,0.0,0.0,2.833213344056216,0.0,0.0,0.0,1.1332853376224865,0
2014,7.0,58.0,1870.0,0.0,1928.0,0.0,2.0794415416798357,4.07753744390572,7.564757012905729,0.0,3.5384733586795107,1
2016,10.0,0.0,0.0,0.0,0.0,0.0,2.3978952727983707,0.0,0.0,0.0,0.9591581091193483,0
2016,11.0,0.0,0.0,0.0,0.0,0.0,2.4849066497880004,0.0,0.0,0.0,0.9939626599152002,0
2016,184.0,0.0,100000.0,0.0,100000.0,160000.0,5.220355825078324,0.0,11.51293546492023,11.982935344196433,6.763816497890852,2
2017,514.0,0.0,17200000.0,0.0,17200000.0,1567000.0,6.244166900663736,0.0,16.660419999923214,14.264674159500048,8.802472884171305,2
2017,14.0,12.0,0.0,0.0,12.0,300000.0,2.70805020110221,2.5649493574615367,2.5649493574615367,12.611541086966115,4.129178454343492,1
2017,29.0,0.0,1250.0,0.0,1250.0,0.0,3.4011973816621555,0.0,7.1316985104669115,0.0,3.14340358028159,1
2019,1900.0,0.0,3000000.0,0.0,3000000.0,10000000.0,7.550135342488429,0.0,14.914123179965662,16.118095750958314,9.166299294630534,2
2019,32.0,0.0,17500.0,0.0,17500.0,0.0,3.4965075614664802,0.0,9.770013301136158,0.0,3.841106349870632,1
2000,275.0,0.0,0.0,0.0,0.0,0.0,5.62040086571715,0.0,0.0,0.0,2.24816034628686,0
2001,28.0,4.0,0.0,0.0,4.0,0.0,3.367295829986474,1.6094379124341003,1.6094379124341003,0.0,2.071165392589935,0
2001,10.0,36.0,0.0,0.0,36.0,0.0,2.3978952727983707,3.6109179126442243,3.6109179126442243,0.0,2.584071169809249,0
2001,48.0,0.0,2800000.0,0.0,2800000.0,26000.0,3.8918202981106265,0.0,14.845130332288226,10.165890277802454,6.792894243986675,2
2002,100.0,0.0,3000.0,0.0,3000.0,0.0,4.61512051684126,0.0,8.006700845440367,0.0,3.847723418096596,1
2002,9.0,50.0,0.0,5000.0,5050.0,416.0,2.302585092994046,3.9318256327243257,8.527341522468053,6.0330862217988015,4.744197477629317,2
2002,11.0,0.0,0.0,0.0,0.0,0.0,2.4849066497880004,0.0,0.0,0.0,0.9939626599152002,0
2006,41.0,0.0,0.0,0.0,0.0,0.0,3.7376696182833684,0.0,0.0,0.0,1.4950678473133474,0
2002,22.0,0.0,5000.0,0.0,5000.0,0.0,3.1354942159291497,0.0,8.517393171418904,0.0,3.383545979226386,1
2002,124.0,0.0,0.0,0.0,0.0,0.0,4.8283137373023015,0.0,0.0,0.0,1.9313254949209206,0
2003,50.0,0.0,0.0,40000.0,40000.0,28000.0,3.9318256327243257,0.0,10.596659732783579,10.239995502805316,5.757894511706422,2
2014,35.0,0.0,179000.0,0.0,179000.0,200000.0,3.58351893845611,0.0,12.095146671399466,12.206077645517674,6.288105890059962,2
2004,0.0,0.0,0.0,5000.0,5000.0,0.0,0.0,0.0,8.517393171418904,0.0,2.129348292854726,0
2005,20.0,20.0,0.0,0.0,20.0,0.0,3.044522437723423,3.044522437723423,3.044522437723423,0.0,2.5878440720649096,1
2005,30.0,0.0,200000.0,0.0,200000.0,0.0,3.4339872044851463,0.0,12.206077645517674,0.0,4.425114293173477,1
2005,6.0,0.0,5000.0,0.0,5000.0,23000.0,1.9459101490553132,0.0,8.517393171418904,10.043292972227004,4.414206298310901,1
2005,70.0,0.0,1904000.0,4000.0,1908000.0,0.0,4.2626798770413155,0.0,14.461566655099245,0.0,5.320463614591338,2
2005,33.0,0.0,11000.0,50000.0,61000.0,0.0,3.5263605246161616,0.0,11.0186455364637,0.0,4.16520559396239,1
2005,12.0,0.0,10000.0,0.0,10000.0,0.0,2.5649493574615367,0.0,9.210440366976517,0.0,3.328589834728744,1
2005,23.0,4.0,0.0,2500.0,2504.0,0.0,3.1780538303479458,1.6094379124341003,7.826044013518965,0.0,3.5496201180057394,1
2005,126.0,0.0,100000.0,0.0,100000.0,0.0,4.844187086458591,0.0,11.51293546492023,0.0,4.815908700813494,2
2005,19.0,0.0,2000000.0,250000.0,2250000.0,117000.0,2.995732273553991,0.0,14.626441218624949,11.669937760751914,6.605393878190621,2
2005,15.0,0.0,0.0,0.0,0.0,0.0,2.772588722239781,0.0,0.0,0.0,1.1090354888959124,0
2005,180.0,0.0,0.0,0.0,0.0,0.0,5.198497031265826,0.0,0.0,0.0,2.0793988125063305,0
2005,10.0,0.0,2000.0,0.0,2000.0,0.0,2.3978952727983707,0.0,7.601402334583733,0.0,2.8595086927652815,1
2006,47.0,0.0,0.0,0.0,0.0,0.0,3.871201010907891,0.0,0.0,0.0,1.5484804043631566,0
2006,19.0,0.0,15000.0,0.0,15000.0,0.0,2.995732273553991,0.0,9.61587214452889,0.0,3.6022609455538186,1
2006,42.0,0.0,100000.0,0.0,100000.0,0.0,3.7612001156935624,0.0,11.51293546492023,0.0,4.382713912507482,1
2006,76.0,0.0,0.0,0.0,0.0,0.0,4.343805421853684,0.0,0.0,0.0,1.7375221687414737,0
2007,76.0,0.0,15000.0,0.0,15000.0,0.0,4.343805421853684,0.0,9.61587214452889,0.0,4.141490204873696,1
2007,80.0,0.0,7200000.0,0.0,7200000.0,275000.0,4.394449154672439,0.0,15.789591722875162,12.524530013005734,7.583857094538626,2
2007,29.0,0.0,50000.0,0.0,50000.0,0.0,3.4011973816621555,0.0,10.819798284210286,0.0,4.065428523717434,1
2008,173.0,0.0,0.0,2400000.0,2400000.0,0.0,5.159055299214529,0.0,14.690979711984754,0.0,5.736367047682,2
2008,70.0,0.0,0.0,0.0,0.0,0.0,4.2626798770413155,0.0,0.0,0.0,1.7050719508165262,0
2009,96.0,0.0,5100000.0,0.0,5100000.0,0.0,4.574710978503383,0.0,15.444751293772967,0.0,5.691072214844595,2
2009,11.0,0.0,0.0,0.0,0.0,0.0,2.4849066497880004,0.0,0.0,0.0,0.9939626599152002,0
2010,100.0,0.0,0.0,0.0,0.0,0.0,4.61512051684126,0.0,0.0,0.0,1.846048206736504,0
2010,250.0,0.0,0.0,0.0,0.0,0.0,5.5254529391317835,0.0,0.0,0.0,2.2101811756527137,0
2010,196.0,225.0,12500.0,0.0,12725.0,0.0,5.2832037287379885,5.420534999272286,9.451402423792738,0.0,5.560239097297837,2
2010,12.0,30.0,0.0,2000.0,2030.0,0.0,2.5649493574615367,3.4339872044851463,7.616283561580385,0.0,3.6168480742767404,1
2010,22.0,0.0,0.0,0.0,0.0,0.0,3.1354942159291497,0.0,0.0,0.0,1.25419768637166,0
2011,47.0,0.0,700000.0,0.0,700000.0,275000.0,3.871201010907891,0.0,13.45883704259595,12.524530013005734,6.791869166963004,2
2011,7.0,0.0,11000.0,0.0,11000.0,0.0,2.0794415416798357,0.0,9.305741456739435,0.0,3.158211980856793,1
2011,19.0,0.0,200000.0,0.0,200000.0,0.0,2.995732273553991,0.0,12.206077645517674,0.0,4.249812320801015,1
2011,42.0,0.0,2100000.0,0.0,2100000.0,432000.0,3.7612001156935624,0.0,14.557448378884015,12.976183182038383,7.090269618304186,2
2012,37.0,0.0,0.0,37500.0,37500.0,0.0,3.6375861597263857,0.0,10.53212287826962,0.0,4.088065183457959,1
2012,30.0,0.0,1200.0,0.0,1200.0,110000.0,3.4339872044851463,0.0,7.0909098220799835,11.608244735642321,4.887559047660403,2
2013,8.0,4.0,0.0,0.0,4.0,0.0,2.1972245773362196,1.6094379124341003,1.6094379124341003,0.0,1.6031368915298332,0
2013,80.0,0.0,2000000.0,0.0,2000000.0,0.0,4.394449154672439,0.0,14.508658238524095,0.0,5.3849442215,2
2013,10.0,0.0,0.0,0.0,0.0,262000.0,2.3978952727983707,0.0,0.0,12.476103599529843,2.8305736490488247,1
2014,26.0,0.0,0.0,0.0,0.0,0.0,3.295836866004329,0.0,0.0,0.0,1.3183347464017316,0
2014,95.0,0.0,0.0,650000.0,650000.0,163000.0,4.564348191467836,0.0,13.384729180332174,12.001511614739405,6.972148313881089,2
2014,94.0,0.0,500000.0,0.0,500000.0,0.0,4.553876891600541,0.0,13.122365377402328,0.0,5.102142100990799,2
2015,1.0,0.0,10000.0,0.0,10000.0,3000.0,0.6931471805599453,0.0,9.210440366976517,8.006700845440367,3.7808740907841623,1
2015,100.0,100.0,125000.0,0.0,125100.0,160000.0,4.61512051684126,4.61512051684126,11.73687669002817,11.982935344196433,7.500731784241264,2
2015,2248.0,0.0,0.0,0.0,0.0,0.0,7.718240951959316,0.0,0.0,0.0,3.0872963807837266,1
2015,8.0,0.0,200.0,0.0,200.0,0.0,2.1972245773362196,0.0,5.303304908059076,0.0,2.204716057949257,0
2015,25.0,0.0,0.0,0.0,0.0,0.0,3.258096538021482,0.0,0.0,0.0,1.3032386152085929,0
2015,18.0,0.0,736000.0,51000.0,787000.0,0.0,2.9444389791664403,0.0,13.575984798046763,0.0,4.571771791178267,1
2015,0.0,0.0,85250.0,0.0,85250.0,0.0,0.0,0.0,11.353355125282244,0.0,2.838338781320561,1
2015,32.0,0.0,0.0,0.0,0.0,0.0,3.4965075614664802,0.0,0.0,0.0,1.3986030245865921,0
2015,23.0,0.0,0.0,0.0,0.0,0.0,3.1780538303479458,0.0,0.0,0.0,1.2712215321391784,0
2016,93.0,0.0,0.0,0.0,0.0,0.0,4.543294782270004,0.0,0.0,0.0,1.8173179129080017,0
2017,264.0,0.0,0.0,0.0,0.0,0.0,5.579729825986222,0.0,0.0,0.0,2.231891930394489,0
2018,95.0,0.0,0.0,0.0,0.0,0.0,4.564348191467836,0.0,0.0,0.0,1.8257392765871345,0
2018,32.0,0.0,21000.0,0.0,21000.0,50000.0,3.4965075614664802,0.0,9.952325334619427,10.819798284210286,5.509654100872991,2
2018,54.0,0.0,0.0,0.0,0.0,25000.0,4.007333185232471,0.0,0.0,10.12667110305036,3.1219339395505425,1
2019,50.0,0.0,0.0,0.0,0.0,0.0,3.9318256327243257,0.0,0.0,0.0,1.5727302530897305,0
2022,0.0,0.0,0.0,0.0,0.0,0.0,0.0,0.0,0.0,0.0,0.0,0
2022,63.0,0.0,800000.0,0.0,800000.0,0.0,4.1588830833596715,0.0,13.592368256649284,0.0,5.06164529750619,2
2023,26.0,2.0,0.0,0.0,2.0,0.0,3.295836866004329,1.0986122886681098,1.0986122886681098,0.0,1.812710276302381,0
2021,57.0,17.0,1385.0,0.0,1402.0,0.0,4.060443010546419,2.8903717578961645,7.246368080102461,0.0,4.013843575823416,1
2021,39.0,0.0,3500.0,450.0,3950.0,0.0,3.6888794541139363,0.0,8.281723990411392,0.0,3.5459827792484226,1
2021,35.0,13.0,0.0,0.0,13.0,0.0,3.58351893845611,2.6390573296152584,2.6390573296152584,0.0,2.6209833737093104,1
2023,7.0,0.0,10000.0,0.0,10000.0,0.0,2.0794415416798357,0.0,9.210440366976517,0.0,3.1343867084160637,1
2016,37.0,0.0,3000.0,0.0,3000.0,0.0,3.6375861597263857,0.0,8.006700845440367,0.0,3.456709675250646,1
2016,28.0,0.0,3000.0,0.0,3000.0,589000.0,3.367295829986474,0.0,8.006700845440367,13.286183160425152,5.341521017418454,2
2016,24.0,0.0,0.0,0.0,0.0,1000000.0,3.2188758248682006,0.0,0.0,13.815511557963774,3.3598770636418465,1
2022,20.0,0.0,95000.0,0.0,95000.0,0.0,3.044522437723423,0.0,11.461642696843066,0.0,4.083219649300136,1
2016,34.0,0.0,0.0,0.0,0.0,0.0,3.5553480614894135,0.0,0.0,0.0,1.4221392245957656,0
2017,28.0,0.0,0.0,0.0,0.0,0.0,3.367295829986474,0.0,0.0,0.0,1.3469183319945897,0
2017,23.0,12.0,0.0,0.0,12.0,0.0,3.1780538303479458,2.5649493574615367,2.5649493574615367,0.0,2.42544874299687,0
2017,21.0,0.0,4000.0,0.0,4000.0,0.0,3.091042453358316,0.0,8.294299608857235,0.0,3.309991883557635,1
2017,884.0,0.0,60000.0,0.0,60000.0,0.0,6.785587645007929,0.0,11.002116507732017,0.0,5.464764184936176,2
2017,4.0,20.0,0.0,60000.0,60020.0,0.0,1.6094379124341003,3.044522437723423,11.002449779968526,0.0,4.003292097510457,1
2018,15.0,24.0,11704.0,0.0,11728.0,10000.0,2.772588722239781,3.2188758248682006,9.369819686521504,9.210440366976517,5.476831630546405,2
2018,18.0,50.0,22000.0,0.0,22050.0,100000.0,2.9444389791664403,3.9318256327243257,10.001113231320568,11.51293546492023,6.191359345779618,2
2018,42.0,0.0,0.0,0.0,0.0,0.0,3.7612001156935624,0.0,0.0,0.0,1.504480046277425,0
2018,33.0,45.0,1500.0,0.0,1545.0,0.0,3.5263605246161616,3.828641396489095,7.343426229147367,0.0,4.0121290464311254,1
2018,3.0,0.0,25000.0,0.0,25000.0,0.0,1.3862943611198906,0.0,10.12667110305036,0.0,3.086185520210546,1
2018,46.0,0.0,0.0,3050.0,3050.0,0.0,3.8501476017100584,0.0,8.02322468471667,0.0,3.545865211863191,1
2018,45.0,0.0,500000.0,0.0,500000.0,775000.0,3.828641396489095,0.0,13.122365377402328,13.560619598657233,6.846140842744806,2
2019,52.0,60.0,0.0,0.0,60.0,0.0,3.970291913552122,4.110873864173311,4.110873864173311,0.0,3.438010004298839,1
2019,27.0,0.0,25000.0,0.0,25000.0,0.0,3.332204510175204,0.0,10.12667110305036,0.0,3.8645495798326714,1
2020,6.0,0.0,7500.0,0.0,7500.0,820000.0,1.9459101490553132,0.0,8.922791623969637,13.617060838751888,5.051621091427318,2
2020,29.0,0.0,0.0,0.0,0.0,10000.0,3.4011973816621555,0.0,0.0,9.210440366976517,2.7420450077113396,1
2020,21.0,0.0,155850.0,0.0,155850.0,0.0,3.091042453358316,0.0,11.95665570160095,0.0,4.225580906743564,1
2020,1922.0,0.0,1300000.0,0.0,1300000.0,7500000.0,7.56164174558878,0.0,14.077875591662238,15.830413711839864,8.918687652927051,2
2021,7.0,0.0,850000.0,0.0,850000.0,0.0,2.0794415416798357,0.0,13.652992804936396,0.0,4.2450248179060335,1
2021,7.0,0.0,179000.0,0.0,179000.0,0.0,2.0794415416798357,0.0,12.095146671399466,0.0,3.855563284521801,1
2022,0.0,0.0,0.0,0.0,0.0,0.0,0.0,0.0,0.0,0.0,0.0,0
2023,28.0,0.0,0.0,200.0,200.0,0.0,3.367295829986474,0.0,5.303304908059076,0.0,2.6727445590093586,1
2000,43.0,0.0,0.0,0.0,0.0,0.0,3.784189633918261,0.0,0.0,0.0,1.5136758535673045,0
2000,86.0,0.0,0.0,0.0,0.0,0.0,4.465908118654584,0.0,0.0,0.0,1.7863632474618336,0
2000,0.0,0.0,30000.0,0.0,30000.0,0.0,0.0,0.0,10.308985993422082,0.0,2.5772464983555206,0
2001,20005.0,166812.0,4365000.0,1790000.0,6321812.0,2623000.0,9.903787507545125,12.024628703519683,15.659516592073151,14.77982964009179,12.498294337754043,2
2001,48.0,0.0,0.0,0.0,0.0,0.0,3.8918202981106265,0.0,0.0,0.0,1.5567281192442506,0
2002,1030.0,0.0,0.0,0.0,0.0,0.0,6.93828448401696,0.0,0.0,0.0,2.7753137936067844,1
2003,0.0,60.0,0.0,400.0,460.0,0.0,0.0,4.110873864173311,6.133398042996649,0.0,2.3555242835838244,0
2003,20.0,0.0,0.0,200.0,200.0,0.0,3.044522437723423,0.0,5.303304908059076,0.0,2.543635202104138,0
2003,14.0,4.0,0.0,0.0,4.0,0.0,2.70805020110221,1.6094379124341003,1.6094379124341003,0.0,1.8074671410362293,0
2003,30.0,500.0,294765.0,190645.0,485910.0,16000.0,3.4339872044851463,6.2166061010848646,13.093780758540714,9.680406499268875,7.342422266536541,2
2003,400.0,0.0,0.0,0.0,0.0,0.0,5.993961427306569,0.0,0.0,0.0,2.397584570922628,0
2003,67.0,0.0,3000000.0,0.0,3000000.0,169000.0,4.219507705176107,0.0,14.914123179965662,12.037659911047468,7.221982863718979,2
2003,150.0,30.0,0.0,0.0,30.0,0.0,5.017279836814924,3.4339872044851463,3.4339872044851463,0.0,3.552206176744286,1
2003,43.0,15.0,0.0,0.0,15.0,0.0,3.784189633918261,2.772588722239781,2.772588722239781,0.0,2.761340778575206,1
2004,900.0,0.0,33000000.0,0.0,33000000.0,2500000.0,6.803505257608338,0.0,17.312018149733785,14.731801689838349,9.259176893952533,2
2004,33.0,0.0,0.0,0.0,0.0,0.0,3.5263605246161616,0.0,0.0,0.0,1.4105442098464647,0
2005,18.0,50.0,0.0,7500.0,7550.0,0.0,2.9444389791664403,3.9318256327243257,8.929435283803425,0.0,4.196499539162298,1
2005,14.0,12.0,0.0,0.0,12.0,0.0,2.70805020110221,2.5649493574615367,2.5649493574615367,0.0,2.2374472912985754,0
2005,239.0,0.0,405000.0,0.0,405000.0,2300000.0,5.480638923341991,0.0,12.91164481522143,14.648420115681892,7.617429790494438,2
2005,12.0,20.0,0.0,0.0,20.0,0.0,2.5649493574615367,3.044522437723423,3.044522437723423,0.0,2.396014839960155,0
2005,27.0,0.0,800000.0,0.0,800000.0,0.0,3.332204510175204,0.0,13.592368256649284,0.0,4.730973868232402,2
2005,89.0,0.0,550000.0,0.0,550000.0,420000.0,4.499809670330265,0.0,13.217675375388819,12.948012371209098,7.046544567660676,2
2006,24.0,0.0,8400.0,0.0,8400.0,0.0,3.2188758248682006,0.0,9.036106025364846,0.0,3.5465768362884917,1
2006,33.0,0.0,0.0,0.0,0.0,0.0,3.5263605246161616,0.0,0.0,0.0,1.4105442098464647,0
2006,350.0,65.0,0.0,4000000.0,4000065.0,3390000.0,5.860786223465865,4.189654742026425,15.201821418948041,15.03634077434184,9.238151908679917,2
2006,0.0,0.0,50000.0,0.0,50000.0,0.0,0.0,0.0,10.819798284210286,0.0,2.7049495710525715,1
2006,135.0,0.0,20000.0,0.0,20000.0,0.0,4.912654885736052,0.0,9.90353755128617,0.0,4.440946342115963,1
2007,72.0,0.0,0.0,0.0,0.0,0.0,4.290459441148391,0.0,0.0,0.0,1.7161837764593564,0
2007,29.0,0.0,50000.0,0.0,50000.0,0.0,3.4011973816621555,0.0,10.819798284210286,0.0,4.065428523717434,1
2007,0.0,0.0,0.0,0.0,0.0,0.0,0.0,0.0,0.0,0.0,0.0,0
2007,47.0,0.0,0.0,0.0,0.0,0.0,3.871201010907891,0.0,0.0,0.0,1.5484804043631566,0
2008,0.0,0.0,50000.0,0.0,50000.0,0.0,0.0,0.0,10.819798284210286,0.0,2.7049495710525715,1
2008,54.0,0.0,803740.0,0.0,803740.0,0.0,4.007333185232471,0.0,13.597032356959609,0.0,5.002191363332891,2
2009,992.0,0.0,1886000.0,0.0,1886000.0,220000.0,6.900730664045173,0.0,14.449969272398093,12.301387370778713,8.2179926893344,2
2010,27.0,0.0,50000.0,0.0,50000.0,0.0,3.332204510175204,0.0,10.819798284210286,0.0,4.0378313751226536,1
2010,200.0,0.0,3267183.0,0.0,3267183.0,1680000.0,5.303304908059076,0.0,14.999439009780845,14.33430494661736,8.021327457661446,2
2011,42.0,50.0,0.0,0.0,50.0,0.0,3.7612001156935624,3.9318256327243257,3.9318256327243257,0.0,3.273801581003372,1
2012,45.0,0.0,200.0,0.0,200.0,20000.0,3.828641396489095,0.0,5.303304908059076,9.90353755128617,4.342813418303333,1
2013,557.0,0.0,0.0,0.0,0.0,0.0,6.324358962381311,0.0,0.0,0.0,2.5297435849525245,0
2013,73.0,0.0,40000.0,0.0,40000.0,0.0,4.30406509320417,0.0,10.596659732783579,0.0,4.370790970477563,1
2013,47.0,0.0,13230000.0,0.0,13230000.0,633471.0,3.871201010907891,0.0,16.397997611676924,13.358971078871503,7.651825469113113,2
2014,17.0,0.0,9610.0,0.0,9610.0,0.0,2.8903717578961645,0.0,9.170663554823284,0.0,3.448814591864287,1
2014,15.0,26.0,0.0,0.0,26.0,0.0,2.772588722239781,3.295836866004329,3.295836866004329,0.0,2.5921620785978607,1
2015,20.0,0.0,0.0,0.0,0.0,0.0,3.044522437723423,0.0,0.0,0.0,1.2178089750893693,0
2014,47.0,0.0,3600000.0,0.0,3600000.0,100000.0,3.871201010907891,0.0,15.096444681204078,11.51293546492023,7.04953189440221,2
2015,40.0,0.0,0.0,1000.0,1000.0,0.0,3.713572066704308,0.0,6.90875477931522,0.0,3.2126175215105284,1
2015,325.0,1000.0,1800000.0,0.0,1801000.0,2200000.0,5.786897381366708,6.90875477931522,14.403853179405024,14.603968372873895,9.488068459192068,2
2015,29.0,0.0,0.0,0.0,0.0,0.0,3.4011973816621555,0.0,0.0,0.0,1.3604789526648622,0
2016,300.0,0.0,0.0,0.0,0.0,0.0,5.707110264748875,0.0,0.0,0.0,2.2828441058995503,0
2016,18.0,0.0,100000.0,0.0,100000.0,150000.0,2.9444389791664403,0.0,11.51293546492023,11.918397239722838,5.84376904385506,2
2016,50.0,0.0,0.0,2000000.0,2000000.0,150000.0,3.9318256327243257,0.0,14.508658238524095,11.918397239722838,6.9876543986791795,2
2009,32.0,23.0,0.0,0.0,23.0,0.0,3.4965075614664802,3.1780538303479458,3.1780538303479458,0.0,2.828727248243168,1
2010,114.0,0.0,0.0,500000.0,500000.0,0.0,4.74493212836325,0.0,13.122365377402328,0.0,5.178564195695882,2
2010,54.0,50.0,0.0,0.0,50.0,0.0,4.007333185232471,3.9318256327243257,3.9318256327243257,0.0,3.3722548088189352,1
2012,15.0,0.0,0.0,0.0,0.0,0.0,2.772588722239781,0.0,0.0,0.0,1.1090354888959124,0
2010,203.0,0.0,0.0,0.0,0.0,22000.0,5.318119993844216,0.0,0.0,9.99884318585288,3.6270744754156183,1
2011,80.0,0.0,0.0,0.0,0.0,0.0,4.394449154672439,0.0,0.0,0.0,1.7577796618689758,0
2011,112.0,200.0,500000.0,75000.0,575200.0,0.0,4.727387818712341,5.303304908059076,13.262474823913193,0.0,6.26723481507505,2
2011,239.0,0.0,3443989.0,0.0,3443989.0,930000.0,5.480638923341991,0.0,15.052141240925078,13.742940940397677,8.016732020627718,2
2011,204.0,0.0,5549080.0,0.0,5549080.0,0.0,5.3230099791384085,0.0,15.529142886426225,0.0,6.01148971326192,2
2011,17.0,0.0,0.0,0.0,0.0,0.0,2.8903717578961645,0.0,0.0,0.0,1.1561487031584659,0
2011,50.0,0.0,0.0,0.0,0.0,20000.0,3.9318256327243257,0.0,0.0,9.90353755128617,3.058260885782656,1
2012,120.0,0.0,2200000.0,0.0,2200000.0,0.0,4.795790545596741,0.0,14.603968372873895,0.0,5.569308311457171,2
2013,9.0,0.0,0.0,0.0,0.0,0.0,2.302585092994046,0.0,0.0,0.0,0.9210340371976184,0
2013,6054.0,4473.0,500000.0,0.0,504473.0,1100000.0,8.708639655987193,8.406038142050075,13.131271581273337,13.910821646859095,10.53410463315209,2
2013,32.0,0.0,0.0,0.0,0.0,0.0,3.4965075614664802,0.0,0.0,0.0,1.3986030245865921,0
2014,27.0,0.0,18500.0,0.0,18500.0,2000.0,3.332204510175204,0.0,9.825580063659602,7.601402334583733,4.929487170172543,2
2014,298.0,0.0,275000.0,0.0,275000.0,16000000.0,5.700443573390687,0.0,12.524530013005734,16.588099342704055,7.899524834013316,2
2014,140.0,0.0,0.0,0.0,0.0,0.0,4.948759890378168,0.0,0.0,0.0,1.9795039561512675,0
2015,27.0,0.0,0.0,0.0,0.0,906000.0,3.332204510175204,0.0,0.0,13.716795688777268,3.3904011573866715,1
2015,78.0,560.0,0.0,0.0,560.0,0.0,4.3694478524670215,6.329720905522696,6.329720905522696,0.0,4.596153548472022,2
2015,3.0,0.0,9000.0,0.0,9000.0,0.0,1.3862943611198906,0.0,9.105090961257085,0.0,2.8307904847622276,1
2015,81.0,0.0,9000.0,0.0,9000.0,604000.0,4.406719247264253,0.0,9.105090961257085,13.311331132544721,6.035660109101681,2
2015,293.0,0.0,13709887.0,0.0,13709887.0,0.0,5.683579767338681,0.0,16.43362788228558,0.0,6.381838877506867,2
2015,5.0,0.0,18000.0,0.0,18000.0,0.0,1.791759469228055,0.0,9.798182590890704,0.0,3.166249435413898,1
2015,0.0,10.0,0.0,0.0,10.0,0.0,0.0,2.3978952727983707,2.3978952727983707,0.0,1.0790528727592668,0
2020,70.0,0.0,0.0,0.0,0.0,0.0,4.2626798770413155,0.0,0.0,0.0,1.7050719508165262,0
2016,10.0,5.0,0.0,0.0,5.0,0.0,2.3978952727983707,1.791759469228055,1.791759469228055,0.0,1.765449870271973,0
2016,61.0,0.0,0.0,0.0,0.0,100000.0,4.127134385045092,0.0,0.0,11.51293546492023,3.377794073756071,1
2016,254.0,0.0,1600000.0,0.0,1600000.0,350000.0,5.541263545158426,0.0,14.285514812209815,12.765691290604371,7.702737814706479,2
2017,0.0,0.0,1970.0,0.0,1970.0,0.0,0.0,0.0,7.58629630715272,0.0,1.89657407678818,0
2017,6.0,0.0,100000.0,0.0,100000.0,0.0,1.9459101490553132,0.0,11.51293546492023,0.0,3.6565979258521826,1
2005,25.0,0.0,0.0,0.0,0.0,0.0,3.258096538021482,0.0,0.0,0.0,1.3032386152085929,0
2017,31.0,0.0,0.0,0.0,0.0,0.0,3.4657359027997265,0.0,0.0,0.0,1.3862943611198908,0
2017,75.0,0.0,1735000.0,0.0,1735000.0,0.0,4.330733340286331,0.0,14.366518547731806,0.0,5.323922973047484,2
2017,0.0,0.0,12831.0,0.0,12831.0,0.0,0.0,0.0,9.459697330106296,0.0,2.364924332526574,0
2017,46.0,0.0,0.0,100.0,100.0,0.0,3.8501476017100584,0.0,4.61512051684126,0.0,2.6938391698943382,1
2017,101.0,0.0,2700000.0,0.0,2700000.0,0.0,4.624972813284271,0.0,14.80876270134486,0.0,5.552179800649923,2
2018,143.0,200.0,0.0,0.0,200.0,24000.0,4.969813299576001,5.303304908059076,5.303304908059076,10.085850775128717,5.8872901447262915,2
2018,12.0,0.0,4945.0,0.0,4945.0,2500.0,2.5649493574615367,0.0,8.506334448081361,7.824445930877619,4.326230244636598,1
2018,20.0,0.0,41430.0,0.0,41430.0,0.0,3.044522437723423,0.0,10.631784671878874,0.0,3.875755143059088,1
2018,25.0,0.0,0.0,0.0,0.0,0.0,3.258096538021482,0.0,0.0,0.0,1.3032386152085929,0
2018,85.0,200.0,300000.0,0.0,300200.0,920000.0,4.454347296253507,5.303304908059076,12.612207529288542,13.732130035981154,8.055271287832527,2
2018,8.0,0.0,10000.0,0.0,10000.0,100000.0,2.1972245773362196,0.0,9.210440366976517,11.51293546492023,4.908440242416652,2
2019,50.0,0.0,20000000.0,0.0,20000000.0,1810000.0,3.9318256327243257,0.0,16.811242881518265,14.408837955728044,7.936866666828504,2
2019,22.0,450.0,0.0,0.0,450.0,0.0,3.1354942159291497,6.111467339502679,6.111467339502679,0.0,4.004357989147866,1
2019,10.0,0.0,0.0,0.0,0.0,0.0,2.3978952727983707,0.0,0.0,0.0,0.9591581091193483,0
2019,12.0,0.0,130000.0,0.0,130000.0,0.0,2.5649493574615367,0.0,11.775297421715827,0.0,3.9698040984135714,1
2020,1.0,2.0,30000.0,0.0,30002.0,0.0,0.6931471805599453,1.0986122886681098,10.309052655644626,0.0,3.0742444938687568,1
2020,0.0,0.0,5000.0,0.0,5000.0,0.0,0.0,0.0,8.517393171418904,0.0,2.129348292854726,0
2020,152.0,0.0,150000.0,0.0,150000.0,4000000.0,5.030437921392435,0.0,11.918397239722838,15.201805169084134,7.272045253850304,2
2021,0.0,0.0,7587.0,0.0,7587.0,0.0,0.0,0.0,8.934323331054905,0.0,2.2335808327637263,0
2021,33.0,0.0,0.0,0.0,0.0,0.0,3.5263605246161616,0.0,0.0,0.0,1.4105442098464647,0
2021,37.0,17.0,105.0,0.0,122.0,0.0,3.6375861597263857,2.8903717578961645,4.812184355372417,0.0,3.2361549043128917,1
2021,20.0,0.0,0.0,0.0,0.0,0.0,3.044522437723423,0.0,0.0,0.0,1.2178089750893693,0
2021,5.0,400.0,1650.0,0.0,2050.0,0.0,1.791759469228055,5.993961427306569,7.62608275807238,0.0,3.822016762670631,1
2009,20.0,0.0,0.0,0.0,0.0,300000.0,3.044522437723423,0.0,0.0,12.611541086966115,3.109540138134286,1
2009,70.0,8.0,0.0,0.0,8.0,64000.0,4.2626798770413155,2.1972245773362196,2.1972245773362196,11.06665398721974,4.353821108700786,1
2009,20.0,0.0,0.0,0.0,0.0,0.0,3.044522437723423,0.0,0.0,0.0,1.2178089750893693,0
2009,35.0,12.0,0.0,0.0,12.0,0.0,3.58351893845611,2.5649493574615367,2.5649493574615367,0.0,2.5876347862401357,1
2008,111.0,50.0,0.0,0.0,50.0,25000.0,4.718498871295094,3.9318256327243257,3.9318256327243257,10.12667110305036,5.175721748701538,2
2008,47.0,0.0,2600000.0,0.0,2600000.0,20000.0,3.871201010907891,0.0,14.77102238760702,9.90353755128617,6.726766633957837,2
2008,37.0,0.0,10278.0,0.0,10278.0,2000.0,3.6375861597263857,0.0,9.237858258012922,7.601402334583733,4.9047093785813445,2
2007,40.0,8.0,0.0,0.0,8.0,0.0,3.713572066704308,2.1972245773362196,2.1972245773362196,0.0,2.4741798864830225,0
2007,44.0,0.0,35000.0,0.0,35000.0,101151.0,3.8066624897703196,0.0,10.463131911491967,11.524379615015345,5.867104916033422,2
2007,96.0,0.0,11100000.0,0.0,11100000.0,0.0,4.574710978503383,0.0,16.22245575637265,0.0,5.885498330494515,2
2007,15.0,0.0,500000.0,0.0,500000.0,0.0,2.772588722239781,0.0,13.122365377402328,0.0,4.389626833246495,1
2007,1103.0,0.0,18700000.0,0.0,18700000.0,0.0,7.00669522683704,0.0,16.74403413530075,0.0,6.988686624560004,2
2007,62.0,0.0,10000.0,0.0,10000.0,0.0,4.143134726391533,0.0,9.210440366976517,0.0,3.9598639823007424,1
2007,15.0,0.0,200000.0,0.0,200000.0,0.0,2.772588722239781,0.0,12.206077645517674,0.0,4.160554900275331,1
2006,47.0,0.0,225000.0,0.0,225000.0,0.0,3.871201010907891,0.0,12.323860125621126,0.0,4.629445435768438,2
2006,21.0,0.0,504000.0,0.0,504000.0,0.0,3.091042453358316,0.0,13.130333531178522,0.0,4.519000364137957,1
2006,20.0,0.0,0.0,0.0,0.0,0.0,3.044522437723423,0.0,0.0,0.0,1.2178089750893693,0
2005,11.0,20.0,0.0,0.0,20.0,0.0,2.4849066497880004,3.044522437723423,3.044522437723423,0.0,2.3639977568907407,0
2005,62.0,0.0,49000.0,0.0,49000.0,0.0,4.143134726391533,0.0,10.799595985047786,0.0,4.357152886818559,1
2003,142.0,0.0,4550000.0,0.0,4550000.0,0.0,4.962844630259907,0.0,15.330638010707329,0.0,5.8177973547807955,2
2003,1210.0,0.0,0.0,0.0,0.0,400000.0,7.099201743553092,0.0,0.0,12.899222326086994,4.7745640463342855,2
2003,45.0,4000.0,0.0,600.0,4600.0,0.0,3.828641396489095,8.294299608857235,8.434028950155469,0.0,5.298823717905952,2
2003,5.0,0.0,140.0,0.0,140.0,0.0,1.791759469228055,0.0,4.948759890378168,0.0,1.953893760285764,0
2002,11.0,0.0,0.0,0.0,0.0,0.0,2.4849066497880004,0.0,0.0,0.0,0.9939626599152002,0
2002,33.0,50.0,0.0,0.0,50.0,20000.0,3.5263605246161616,3.9318256327243257,3.9318256327243257,9.90353755128617,4.665396377265337,2
2001,21.0,0.0,0.0,0.0,0.0,0.0,3.091042453358316,0.0,0.0,0.0,1.2364169813433266,0
2001,55.0,0.0,0.0,0.0,0.0,0.0,4.02535169073515,0.0,0.0,0.0,1.61014067629406,0
2001,158.0,0.0,7000000.0,0.0,7000000.0,26000.0,5.0689042022202315,0.0,15.76142084987672,10.165890277802454,7.4928004350276405,2
2001,0.0,0.0,400000.0,0.0,400000.0,0.0,0.0,0.0,12.899222326086994,0.0,3.2248055815217485,1
2001,100.0,0.0,9670000.0,0.0,9670000.0,90000.0,4.61512051684126,0.0,16.08453897084209,11.407576060361786,7.578319358501294,2
2001,5.0,0.0,700000.0,0.0,700000.0,0.0,1.791759469228055,0.0,13.45883704259595,0.0,4.08141304834021,1
2001,125.0,0.0,0.0,0.0,0.0,0.0,4.836281906951478,0.0,0.0,0.0,1.9345127627805914,0
2000,6.0,0.0,534035.0,0.0,534035.0,0.0,1.9459101490553132,0.0,13.18821853140033,0.0,4.0754186924722084,1
2000,867.0,0.0,22000000.0,0.0,22000000.0,43000.0,6.7661917146603505,0.0,16.906553056777135,10.668978650219241,8.53346174759131,2
