Start Year,Total Deaths,No. Injured,No. Affected,No. Homeless,Total Affected,Total Damage ('000 US$),log_deaths,log_injured,log_affected,log_damage,severity_level,source
2010.0,0.0,0.0,30000.0,0.0,30000.0,0.0,0.0,0.0,10.308985993422082,0.0,0,smote_augmented
2023.0,10.0,0.0,0.0,0.0,0.0,0.0,2.3978952727983707,0.0,0.0,0.0,0,smote_augmented
2018.0,44.0,0.0,0.0,0.0,0.0,0.0,3.8066624897703196,0.0,0.0,0.0,0,smote_augmented
2000.0,130.0,0.0,0.0,0.0,0.0,0.0,4.875197323201151,0.0,0.0,0.0,0,smote_augmented
2000.0,20.0,0.0,3000000.0,0.0,3000000.0,0.0,3.044522437723423,0.0,14.914123179965662,0.0,2,smote_augmented
2020.0,14.0,0.0,0.0,0.0,0.0,600000.0,2.70805020110221,0.0,0.0,13.304686600863562,1,smote_augmented
2016.0,8.0,308.0,10500.0,0.0,10808.0,75000.0,2.1972245773362196,5.733341276897746,9.288134399416203,11.225256725762893,2,smote_augmented
2004.0,16389.0,6913.0,647599.0,0.0,654512.0,1022800.0,9.704426671737876,8.84130362048157,13.391646726625286,13.838055500106943,2,smote_augmented
2007.0,225.0,0.0,63000.0,0.0,63000.0,0.0,5.420534999272286,0.0,11.050905878263567,0.0,2,smote_augmented
2003.0,25.0,0.0,0.0,0.0,0.0,0.0,3.258096538021482,0.0,0.0,0.0,0,smote_augmented
2018.0,42.0,200.0,0.0,0.0,200.0,100000.0,3.7612001156935624,5.303304908059076,5.303304908059076,11.51293546492023,2,smote_augmented
2001.0,27.0,0.0,0.0,0.0,0.0,0.0,3.332204510175204,0.0,0.0,0.0,0,smote_augmented
2005.0,250.0,0.0,5000.0,0.0,5000.0,50000.0,5.5254529391317835,0.0,8.517393171418904,10.819798284210286,2,smote_augmented
2018.0,61.0,0.0,0.0,0.0,0.0,50000.0,4.127134385045092,0.0,0.0,10.819798284210286,1,smote_augmented
2018.0,52.0,0.0,0.0,0.0,0.0,0.0,3.970291913552122,0.0,0.0,0.0,0,smote_augmented
2005.0,1309.0,6622.0,0.0,150000.0,156622.0,1000000.0,7.177782416195197,8.798303718484979,11.96159692276329,13.815511557963774,2,smote_augmented
2008.0,37.0,0.0,0.0,0.0,0.0,0.0,3.6375861597263857,0.0,0.0,0.0,0,smote_augmented
2019.0,12.0,0.0,27500.0,0.0,27500.0,0.0,2.5649493574615367,0.0,10.221977646629885,0.0,1,smote_augmented
2010.0,17.0,0.0,0.0,0.0,0.0,0.0,2.8903717578961645,0.0,0.0,0.0,0,smote_augmented
2010.0,28.0,0.0,0.0,5000.0,5000.0,0.0,3.367295829986474,0.0,8.517393171418904,0.0,1,smote_augmented
2012.0,16.0,0.0,0.0,0.0,0.0,0.0,2.833213344056216,0.0,0.0,0.0,0,smote_augmented
2009.0,10.0,0.0,0.0,0.0,0.0,0.0,2.3978952727983707,0.0,0.0,0.0,0,smote_augmented
2013.0,3.0,70.0,59280.0,0.0,59350.0,120000.0,1.3862943611198906,4.2626798770413155,10.99122424909553,11.695255355062795,2,smote_augmented
2013.0,174.0,0.0,500000.0,0.0,500000.0,2000.0,5.1647859739235145,0.0,13.122365377402328,7.601402334583733,2,smote_augmented
2021.0,2.0,10.0,3000.0,0.0,3010.0,0.0,1.0986122886681098,2.3978952727983707,8.010027528481734,0.0,1,smote_augmented
2015.0,44.0,25.0,0.0,2097.0,2122.0,76000.0,3.8066624897703196,3.258096538021482,7.660585461703256,11.23850177707664,2,smote_augmented
2006.0,32.0,0.0,10800.0,0.0,10800.0,0.0,3.4965075614664802,0.0,9.287394001418473,0.0,1,smote_augmented
2017.0,22.0,0.0,0.0,0.0,0.0,0.0,3.1354942159291497,0.0,0.0,0.0,0,smote_augmented
2017.0,284.0,0.0,520000.0,0.0,520000.0,250000.0,5.652489180268651,0.0,13.161586013632684,12.429220196836383,2,smote_augmented
2010.0,25.0,0.0,0.0,0.0,0.0,0.0,3.258096538021482,0.0,0.0,0.0,0,smote_augmented
2022.0,25.0,0.0,0.0,0.0,0.0,0.0,3.258096538021482,0.0,0.0,0.0,0,smote_augmented
2022.0,2035.0,1260.0,1300000.0,0.0,1301260.0,4200000.0,7.618742377670413,7.13966033596492,14.078844352285769,15.250595321348806,2,smote_augmented
2023.0,16.0,14.0,0.0,0.0,14.0,0.0,2.833213344056216,2.70805020110221,2.70805020110221,0.0,0,smote_augmented
2023.0,11.0,330.0,0.0,0.0,330.0,0.0,2.4849066497880004,5.802118375377063,5.802118375377063,0.0,1,smote_augmented
2023.0,0.0,0.0,1000.0,0.0,1000.0,0.0,0.0,0.0,6.90875477931522,0.0,0,smote_augmented
2023.0,179.0,460.0,0.0,0.0,460.0,0.0,5.19295685089021,6.133398042996649,6.133398042996649,0.0,2,smote_augmented
2023.0,0.0,0.0,500000.0,0.0,500000.0,0.0,0.0,0.0,13.122365377402328,0.0,1,smote_augmented
2023.0,1529.0,0.0,10250000.0,0.0,10250000.0,0.0,7.333023014386481,0.0,16.142788361109663,0.0,2,smote_augmented
2023.0,23.0,0.0,0.0,0.0,0.0,0.0,3.1780538303479458,0.0,0.0,0.0,0,smote_augmented
2023.0,10.0,0.0,605.0,0.0,605.0,0.0,2.3978952727983707,0.0,6.406879986069314,0.0,0,smote_augmented
2023.0,12.0,14.0,1060.0,0.0,1074.0,0.0,2.5649493574615367,2.70805020110221,6.980075940561763,0.0,1,smote_augmented
2023.0,20.0,0.0,4390000.0,0.0,4390000.0,125000.0,3.044522437723423,0.0,15.29484001284176,11.736077016252437,2,smote_augmented
2023.0,24.0,25.0,0.0,0.0,25.0,0.0,3.2188758248682006,3.258096538021482,3.258096538021482,0.0,1,smote_augmented
2024.0,4.0,7.0,22810.0,115.0,22932.0,0.0,1.6094379124341003,2.0794415416798357,10.040332200263972,0.0,1,smote_augmented
2024.0,733.0,25000.0,0.0,0.0,25000.0,0.0,6.598509028614515,10.12667110305036,10.12667110305036,0.0,2,smote_augmented
2024.0,1.0,0.0,77000.0,0.0,77000.0,0.0,0.6931471805599453,0.0,11.251573687764477,0.0,1,smote_augmented
2024.0,16.0,75.0,0.0,0.0,75.0,0.0,2.833213344056216,4.330733340286331,4.330733340286331,0.0,1,smote_augmented
2024.0,51.0,500.0,2109143.0,0.0,2109643.0,0.0,3.9512437185814275,6.2166061010848646,14.562029770838217,0.0,2,smote_augmented
2024.0,48.0,0.0,2100000.0,0.0,2100000.0,0.0,3.8918202981106265,0.0,14.557448378884015,0.0,2,smote_augmented
2024.0,125.0,20.0,1000000.0,0.0,1000020.0,0.0,4.836281906951478,3.044522437723423,13.815531557743777,0.0,2,smote_augmented
2024.0,378.0,91.0,0.0,3000.0,3091.0,140000.0,5.937536205082426,4.5217885770490405,8.036573409707312,11.849404844423074,2,smote_augmented
2024.0,46.0,0.0,0.0,0.0,0.0,0.0,3.8501476017100584,0.0,0.0,0.0,0,smote_augmented
2024.0,26.0,0.0,1700000.0,0.0,1700000.0,0.0,3.295836866004329,0.0,14.346139397261565,0.0,2,smote_augmented
2024.0,10.0,0.0,90.0,0.0,90.0,0.0,2.3978952727983707,0.0,4.51085950651685,0.0,0,smote_augmented
2024.0,25.0,23.0,8007150.0,0.0,8007173.0,0.0,3.258096538021482,3.1780538303479458,15.895848447804044,0.0,2,smote_augmented
2024.0,15.0,0.0,0.0,0.0,0.0,0.0,2.772588722239781,0.0,0.0,0.0,0,smote_augmented
2024.0,9.0,12.0,3810000.0,0.0,3810012.0,73300.0,2.302585092994046,2.5649493574615367,15.153143159170554,11.202329530346486,2,smote_augmented
2024.0,20.0,0.0,0.0,0.0,0.0,0.0,3.044522437723423,0.0,0.0,0.0,0,smote_augmented
2025.0,8.0,46.0,173.0,0.0,219.0,0.0,2.1972245773362196,3.8501476017100584,5.393627546352362,0.0,1,smote_augmented
2025.0,2.0,67.0,3000.0,0.0,3067.0,2900.0,1.0986122886681098,4.219507705176107,8.028781162487148,7.972810784121404,1,smote_augmented
2025.0,2.0,2.0,2500.0,0.0,2502.0,0.0,1.0986122886681098,1.0986122886681098,7.8252452914317745,0.0,1,smote_augmented
2025.0,14.0,16.0,35.0,0.0,51.0,0.0,2.70805020110221,2.833213344056216,3.9512437185814275,0.0,1,smote_augmented
2025.0,50.0,0.0,1441247.0,0.0,1441247.0,0.0,3.9318256327243257,0.0,14.181019962880141,0.0,2,smote_augmented
2025.0,27.0,1.0,33583.0,0.0,33584.0,0.0,3.332204510175204,0.6931471805599453,10.421834817700965,0.0,1,smote_augmented
2025.0,140.0,74.0,80000.0,0.0,80074.0,0.0,4.948759890378168,4.31748811353631,11.29071897447736,0.0,2,smote_augmented
2025.0,105.0,0.0,0.0,0.0,0.0,0.0,4.663439094112067,0.0,0.0,0.0,0,smote_augmented
2025.0,61.0,300.0,0.0,0.0,300.0,0.0,4.127134385045092,5.707110264748875,5.707110264748875,0.0,1,smote_augmented
2025.0,41.0,0.0,3500.0,0.0,3500.0,0.0,3.7376696182833684,0.0,8.160803920954665,0.0,1,smote_augmented
2025.0,52.0,0.0,400000.0,0.0,400000.0,0.0,3.970291913552122,0.0,12.899222326086994,0.0,2,smote_augmented
2025.0,33.0,0.0,900.0,0.0,900.0,0.0,3.5263605246161616,0.0,6.803505257608338,0.0,1,smote_augmented
2025.0,32.0,13.0,0.0,2500.0,2513.0,2200.0,3.4965075614664802,2.6390573296152584,7.829630389150193,7.696667081526462,2,smote_augmented
2025.0,3.0,0.0,0.0,0.0,0.0,40000.0,1.3862943611198906,0.0,0.0,10.596659732783579,0,smote_augmented
2018.0,504.0,0.0,23000000.0,220000.0,23220000.0,2852480.0,6.22455842927536,0.0,16.96052457730034,14.863699699872345,2,smote_augmented
2019.0,90.0,0.0,0.0,0.0,0.0,0.0,4.51085950651685,0.0,0.0,0.0,0,smote_augmented
2019.0,50.0,0.0,0.0,0.0,0.0,0.0,3.9318256327243257,0.0,0.0,0.0,0,smote_augmented
2020.0,11.0,0.0,0.0,0.0,0.0,0.0,2.4849066497880004,0.0,0.0,0.0,0,smote_augmented
2020.0,90.0,0.0,18000000.0,0.0,18000000.0,13500000.0,4.51085950651685,0.0,16.705882371415992,16.41820031748273,2,smote_augmented
2021.0,198.0,153.0,700000.0,0.0,700153.0,1400000.0,5.293304824724492,5.0369526024136295,13.45905558982909,14.151983508870947,2,smote_augmented
2021.0,19.0,0.0,1625000.0,0.0,1625000.0,3000000.0,2.995732273553991,0.0,14.301018989130402,14.914123179965662,2,smote_augmented
2021.0,59.0,0.0,1000.0,0.0,1000.0,100000.0,4.0943445622221,0.0,6.90875477931522,11.51293546492023,2,smote_augmented
2021.0,1282.0,0.0,375000.0,0.0,375000.0,3100000.0,7.1569563646156364,0.0,12.834683971615659,14.946912992035967,2,smote_augmented
2021.0,14.0,0.0,11000.0,0.0,11000.0,0.0,2.70805020110221,0.0,9.305741456739435,0.0,1,smote_augmented
2021.0,62.0,0.0,74500.0,0.0,74500.0,0.0,4.143134726391533,0.0,11.218567827096358,0.0,1,smote_augmented
2022.0,67.0,0.0,0.0,0.0,0.0,0.0,4.219507705176107,0.0,0.0,0.0,0,smote_augmented
2023.0,62.0,0.0,5.0,0.0,5.0,3000.0,4.143134726391533,0.0,1.791759469228055,8.006700845440367,1,smote_augmented
2000.0,58.0,38.0,7000.0,0.0,7038.0,0.0,4.07753744390572,3.6635616461296463,8.85922139360813,0.0,1,smote_augmented
2000.0,179.0,16.0,0.0,252000.0,252016.0,173000.0,5.19295685089021,2.833213344056216,12.437251824535675,12.06105265381003,2,smote_augmented
2000.0,884.0,0.0,24600000.0,0.0,24600000.0,691500.0,6.785587645007929,0.0,17.018257041552996,13.446619876217502,2,smote_augmented
2001.0,86.0,0.0,40000.0,0.0,40000.0,116924.0,4.465908118654584,0.0,10.596659732783579,11.669287982594087,2,smote_augmented
2001.0,16.0,0.0,0.0,0.0,0.0,0.0,2.833213344056216,0.0,0.0,0.0,0,smote_augmented
2001.0,78.0,0.0,25000.0,2000.0,27000.0,0.0,4.3694478524670215,0.0,10.203629181337648,0.0,1,smote_augmented
2001.0,146.0,0.0,0.0,0.0,0.0,103000.0,4.990432586778736,0.0,0.0,11.542493975902508,1,smote_augmented
2002.0,0.0,200.0,10000.0,0.0,10200.0,0.0,0.0,5.303304908059076,9.23024103368252,0.0,1,smote_augmented
2002.0,549.0,0.0,42000000.0,0.0,42000000.0,30772.0,6.309918278226516,0.0,17.553180200057167,10.33439296112607,2,smote_augmented
2002.0,2.0,0.0,0.0,200.0,200.0,0.0,1.0986122886681098,0.0,5.303304908059076,0.0,0,smote_augmented
2002.0,20.0,0.0,200.0,0.0,200.0,0.0,3.044522437723423,0.0,5.303304908059076,0.0,0,smote_augmented
2002.0,900.0,0.0,0.0,0.0,0.0,0.0,6.803505257608338,0.0,0.0,0.0,1,smote_augmented
2003.0,13.0,0.0,10000.0,4500.0,14500.0,0.0,2.6390573296152584,0.0,9.581972891547895,0.0,1,smote_augmented
2003.0,37.0,0.0,0.0,0.0,0.0,0.0,3.6375861597263857,0.0,0.0,0.0,0,smote_augmented
2004.0,45.0,0.0,1000.0,0.0,1000.0,0.0,3.828641396489095,0.0,6.90875477931522,0.0,1,smote_augmented
2004.0,160.0,0.0,0.0,100000.0,100000.0,0.0,5.081404364984463,0.0,11.51293546492023,0.0,2,smote_augmented
2009.0,45.0,0.0,0.0,0.0,0.0,0.0,3.828641396489095,0.0,0.0,0.0,0,smote_augmented
2014.0,27.0,0.0,0.0,0.0,0.0,0.0,3.332204510175204,0.0,0.0,0.0,0,smote_augmented
2004.0,210.0,0.0,100000.0,0.0,100000.0,276000.0,5.351858133476067,0.0,11.51293546492023,12.52815976788113,2,smote_augmented
2005.0,329.0,0.0,0.0,0.0,0.0,0.0,5.799092654460526,0.0,0.0,0.0,0,smote_augmented
2005.0,1200.0,55.0,20000000.0,0.0,20000055.0,3330000.0,7.0909098220799835,4.02535169073515,16.811245631514346,15.018483162256882,2,smote_augmented
2005.0,162.0,0.0,2000000.0,0.0,2000000.0,0.0,5.093750200806762,0.0,14.508658238524095,0.0,2,smote_augmented
2006.0,130.0,0.0,300000.0,0.0,300000.0,0.0,4.875197323201151,0.0,12.611541086966115,0.0,2,smote_augmented
2006.0,15.0,0.0,800.0,0.0,800.0,0.0,2.772588722239781,0.0,6.68586094706836,0.0,1,smote_augmented
2006.0,114.0,300.0,0.0,150000.0,150300.0,0.0,4.74493212836325,5.707110264748875,11.92039522907888,0.0,2,smote_augmented
2006.0,61.0,113.0,0.0,0.0,113.0,0.0,4.127134385045092,4.736198448394496,4.736198448394496,0.0,1,smote_augmented
2006.0,39.0,0.0,0.0,0.0,0.0,0.0,3.6888794541139363,0.0,0.0,0.0,0,smote_augmented
2006.0,185.0,0.0,2000000.0,0.0,2000000.0,0.0,5.225746673713202,0.0,14.508658238524095,0.0,2,smote_augmented
2007.0,127.0,0.0,200000.0,0.0,200000.0,0.0,4.852030263919617,0.0,12.206077645517674,0.0,2,smote_augmented
2007.0,16.0,0.0,0.0,0.0,0.0,0.0,2.833213344056216,0.0,0.0,0.0,0,smote_augmented
2007.0,94.0,0.0,20000.0,0.0,20000.0,0.0,4.553876891600541,0.0,9.90353755128617,0.0,1,smote_augmented
2007.0,0.0,0.0,0.0,0.0,0.0,0.0,0.0,0.0,0.0,0.0,0,smote_augmented
2007.0,66.0,25.0,0.0,0.0,25.0,0.0,4.204692619390966,3.258096538021482,3.258096538021482,0.0,1,smote_augmented
2008.0,74.0,0.0,0.0,0.0,0.0,0.0,4.31748811353631,0.0,0.0,0.0,0,smote_augmented
2008.0,1063.0,0.0,7900000.0,0.0,7900000.0,123000.0,6.96979066990159,0.0,15.882373444019521,11.719947764402807,2,smote_augmented
2008.0,142.0,0.0,225000.0,0.0,225000.0,0.0,4.962844630259907,0.0,12.323860125621126,0.0,2,smote_augmented
2009.0,15.0,50.0,5000.0,4000.0,9050.0,0.0,2.772588722239781,3.9318256327243257,9.11063052782717,0.0,1,smote_augmented
2009.0,120.0,25.0,0.0,0.0,25.0,0.0,4.795790545596741,3.258096538021482,3.258096538021482,0.0,1,smote_augmented
2009.0,355.0,0.0,4100000.0,0.0,4100000.0,2150000.0,5.87493073085203,0.0,15.226497775576945,14.580978865220017,2,smote_augmented
2010.0,11.0,0.0,0.0,0.0,0.0,0.0,2.4849066497880004,0.0,0.0,0.0,0,smote_augmented
2009.0,52.0,0.0,0.0,0.0,0.0,0.0,3.970291913552122,0.0,0.0,0.0,0,smote_augmented
2009.0,20.0,0.0,0.0,0.0,0.0,0.0,3.044522437723423,0.0,0.0,0.0,0,smote_augmented
2010.0,32.0,0.0,0.0,0.0,0.0,0.0,3.4965075614664802,0.0,0.0,0.0,0,smote_augmented
2010.0,53.0,0.0,0.0,400000.0,400000.0,447000.0,3.9889840465642745,0.0,12.899222326086994,13.010316110729669,2,smote_augmented
2010.0,0.0,0.0,12500.0,0.0,12500.0,0.0,0.0,0.0,9.433563920090563,0.0,0,smote_augmented
2011.0,47.0,0.0,0.0,250000.0,250000.0,375625.0,3.871201010907891,0.0,12.429220196836383,12.836349246497683,2,smote_augmented
2011.0,132.0,0.0,0.0,0.0,0.0,0.0,4.890349128221754,0.0,0.0,0.0,0,smote_augmented
2012.0,40.0,0.0,70000.0,0.0,70000.0,0.0,3.713572066704308,0.0,11.156264806643742,0.0,1,smote_augmented
2012.0,21.0,0.0,2000000.0,0.0,2000000.0,98000.0,3.091042453358316,0.0,14.508658238524095,11.49273296168228,2,smote_augmented
2012.0,249.0,0.0,0.0,0.0,0.0,0.0,5.521460917862246,0.0,0.0,0.0,0,smote_augmented
2012.0,26.0,0.0,9460.0,0.0,9460.0,16000.0,3.295836866004329,0.0,9.154933364704444,9.680406499268875,2,smote_augmented
2013.0,72.0,0.0,375000.0,0.0,375000.0,260000.0,4.290459441148391,0.0,12.834683971615659,12.468440756144114,2,smote_augmented
2014.0,24.0,0.0,0.0,0.0,0.0,0.0,3.2188758248682006,0.0,0.0,0.0,0,smote_augmented
2014.0,151.0,0.0,0.0,200.0,200.0,0.0,5.0238805208462765,0.0,5.303304908059076,0.0,1,smote_augmented
2014.0,53.0,0.0,920000.0,0.0,920000.0,7000000.0,3.9889840465642745,0.0,13.732130035981154,15.76142084987672,2,smote_augmented
2014.0,16.0,0.0,0.0,0.0,0.0,0.0,2.833213344056216,0.0,0.0,0.0,0,smote_augmented
2014.0,7.0,58.0,1870.0,0.0,1928.0,0.0,2.0794415416798357,4.07753744390572,7.564757012905729,0.0,1,smote_augmented
2016.0,10.0,0.0,0.0,0.0,0.0,0.0,2.3978952727983707,0.0,0.0,0.0,0,smote_augmented
2016.0,11.0,0.0,0.0,0.0,0.0,0.0,2.4849066497880004,0.0,0.0,0.0,0,smote_augmented
2016.0,184.0,0.0,100000.0,0.0,100000.0,160000.0,5.220355825078324,0.0,11.51293546492023,11.982935344196433,2,smote_augmented
2017.0,514.0,0.0,17200000.0,0.0,17200000.0,1567000.0,6.244166900663736,0.0,16.660419999923214,14.264674159500048,2,smote_augmented
2017.0,14.0,12.0,0.0,0.0,12.0,300000.0,2.70805020110221,2.5649493574615367,2.5649493574615367,12.611541086966115,1,smote_augmented
2017.0,29.0,0.0,1250.0,0.0,1250.0,0.0,3.4011973816621555,0.0,7.1316985104669115,0.0,1,smote_augmented
2019.0,1900.0,0.0,3000000.0,0.0,3000000.0,10000000.0,7.550135342488429,0.0,14.914123179965662,16.118095750958314,2,smote_augmented
2019.0,32.0,0.0,17500.0,0.0,17500.0,0.0,3.4965075614664802,0.0,9.770013301136158,0.0,1,smote_augmented
2000.0,275.0,0.0,0.0,0.0,0.0,0.0,5.62040086571715,0.0,0.0,0.0,0,smote_augmented
2001.0,28.0,4.0,0.0,0.0,4.0,0.0,3.367295829986474,1.6094379124341003,1.6094379124341003,0.0,0,smote_augmented
2001.0,10.0,36.0,0.0,0.0,36.0,0.0,2.3978952727983707,3.6109179126442243,3.6109179126442243,0.0,0,smote_augmented
2001.0,48.0,0.0,2800000.0,0.0,2800000.0,26000.0,3.8918202981106265,0.0,14.845130332288226,10.165890277802454,2,smote_augmented
2002.0,100.0,0.0,3000.0,0.0,3000.0,0.0,4.61512051684126,0.0,8.006700845440367,0.0,1,smote_augmented
2002.0,9.0,50.0,0.0,5000.0,5050.0,416.0,2.302585092994046,3.9318256327243257,8.527341522468053,6.0330862217988015,2,smote_augmented
2002.0,11.0,0.0,0.0,0.0,0.0,0.0,2.4849066497880004,0.0,0.0,0.0,0,smote_augmented
2006.0,41.0,0.0,0.0,0.0,0.0,0.0,3.7376696182833684,0.0,0.0,0.0,0,smote_augmented
2002.0,22.0,0.0,5000.0,0.0,5000.0,0.0,3.1354942159291497,0.0,8.517393171418904,0.0,1,smote_augmented
2002.0,124.0,0.0,0.0,0.0,0.0,0.0,4.8283137373023015,0.0,0.0,0.0,0,smote_augmented
2003.0,50.0,0.0,0.0,40000.0,40000.0,28000.0,3.9318256327243257,0.0,10.596659732783579,10.239995502805316,2,smote_augmented
2014.0,35.0,0.0,179000.0,0.0,179000.0,200000.0,3.58351893845611,0.0,12.095146671399466,12.206077645517674,2,smote_augmented
2004.0,0.0,0.0,0.0,5000.0,5000.0,0.0,0.0,0.0,8.517393171418904,0.0,0,smote_augmented
2005.0,20.0,20.0,0.0,0.0,20.0,0.0,3.044522437723423,3.044522437723423,3.044522437723423,0.0,1,smote_augmented
2005.0,30.0,0.0,200000.0,0.0,200000.0,0.0,3.4339872044851463,0.0,12.206077645517674,0.0,1,smote_augmented
2005.0,6.0,0.0,5000.0,0.0,5000.0,23000.0,1.9459101490553132,0.0,8.517393171418904,10.043292972227004,1,smote_augmented
2005.0,70.0,0.0,1904000.0,4000.0,1908000.0,0.0,4.2626798770413155,0.0,14.461566655099245,0.0,2,smote_augmented
2005.0,33.0,0.0,11000.0,50000.0,61000.0,0.0,3.5263605246161616,0.0,11.0186455364637,0.0,1,smote_augmented
2005.0,12.0,0.0,10000.0,0.0,10000.0,0.0,2.5649493574615367,0.0,9.210440366976517,0.0,1,smote_augmented
2005.0,23.0,4.0,0.0,2500.0,2504.0,0.0,3.1780538303479458,1.6094379124341003,7.826044013518965,0.0,1,smote_augmented
2005.0,126.0,0.0,100000.0,0.0,100000.0,0.0,4.844187086458591,0.0,11.51293546492023,0.0,2,smote_augmented
2005.0,19.0,0.0,2000000.0,250000.0,2250000.0,117000.0,2.995732273553991,0.0,14.626441218624949,11.669937760751914,2,smote_augmented
2005.0,15.0,0.0,0.0,0.0,0.0,0.0,2.772588722239781,0.0,0.0,0.0,0,smote_augmented
2005.0,180.0,0.0,0.0,0.0,0.0,0.0,5.198497031265826,0.0,0.0,0.0,0,smote_augmented
2005.0,10.0,0.0,2000.0,0.0,2000.0,0.0,2.3978952727983707,0.0,7.601402334583733,0.0,1,smote_augmented
2006.0,47.0,0.0,0.0,0.0,0.0,0.0,3.871201010907891,0.0,0.0,0.0,0,smote_augmented
2006.0,19.0,0.0,15000.0,0.0,15000.0,0.0,2.995732273553991,0.0,9.61587214452889,0.0,1,smote_augmented
2006.0,42.0,0.0,100000.0,0.0,100000.0,0.0,3.7612001156935624,0.0,11.51293546492023,0.0,1,smote_augmented
2006.0,76.0,0.0,0.0,0.0,0.0,0.0,4.343805421853684,0.0,0.0,0.0,0,smote_augmented
2007.0,76.0,0.0,15000.0,0.0,15000.0,0.0,4.343805421853684,0.0,9.61587214452889,0.0,1,smote_augmented
2007.0,80.0,0.0,7200000.0,0.0,7200000.0,275000.0,4.394449154672439,0.0,15.789591722875162,12.524530013005734,2,smote_augmented
2007.0,29.0,0.0,50000.0,0.0,50000.0,0.0,3.4011973816621555,0.0,10.819798284210286,0.0,1,smote_augmented
2008.0,173.0,0.0,0.0,2400000.0,2400000.0,0.0,5.159055299214529,0.0,14.690979711984754,0.0,2,smote_augmented
2008.0,70.0,0.0,0.0,0.0,0.0,0.0,4.2626798770413155,0.0,0.0,0.0,0,smote_augmented
2009.0,96.0,0.0,5100000.0,0.0,5100000.0,0.0,4.574710978503383,0.0,15.444751293772967,0.0,2,smote_augmented
2009.0,11.0,0.0,0.0,0.0,0.0,0.0,2.4849066497880004,0.0,0.0,0.0,0,smote_augmented
2010.0,100.0,0.0,0.0,0.0,0.0,0.0,4.61512051684126,0.0,0.0,0.0,0,smote_augmented
2010.0,250.0,0.0,0.0,0.0,0.0,0.0,5.5254529391317835,0.0,0.0,0.0,0,smote_augmented
2010.0,196.0,225.0,12500.0,0.0,12725.0,0.0,5.2832037287379885,5.420534999272286,9.451402423792738,0.0,2,smote_augmented
2010.0,12.0,30.0,0.0,2000.0,2030.0,0.0,2.5649493574615367,3.4339872044851463,7.616283561580385,0.0,1,smote_augmented
2010.0,22.0,0.0,0.0,0.0,0.0,0.0,3.1354942159291497,0.0,0.0,0.0,0,smote_augmented
2011.0,47.0,0.0,700000.0,0.0,700000.0,275000.0,3.871201010907891,0.0,13.45883704259595,12.524530013005734,2,smote_augmented
2011.0,7.0,0.0,11000.0,0.0,11000.0,0.0,2.0794415416798357,0.0,9.305741456739435,0.0,1,smote_augmented
2011.0,19.0,0.0,200000.0,0.0,200000.0,0.0,2.995732273553991,0.0,12.206077645517674,0.0,1,smote_augmented
2011.0,42.0,0.0,2100000.0,0.0,2100000.0,432000.0,3.7612001156935624,0.0,14.557448378884015,12.976183182038383,2,smote_augmented
2012.0,37.0,0.0,0.0,37500.0,37500.0,0.0,3.6375861597263857,0.0,10.53212287826962,0.0,1,smote_augmented
2012.0,30.0,0.0,1200.0,0.0,1200.0,110000.0,3.4339872044851463,0.0,7.0909098220799835,11.608244735642321,2,smote_augmented
2013.0,8.0,4.0,0.0,0.0,4.0,0.0,2.1972245773362196,1.6094379124341003,1.6094379124341003,0.0,0,smote_augmented
2013.0,80.0,0.0,2000000.0,0.0,2000000.0,0.0,4.394449154672439,0.0,14.508658238524095,0.0,2,smote_augmented
2013.0,10.0,0.0,0.0,0.0,0.0,262000.0,2.3978952727983707,0.0,0.0,12.476103599529843,1,smote_augmented
2014.0,26.0,0.0,0.0,0.0,0.0,0.0,3.295836866004329,0.0,0.0,0.0,0,smote_augmented
2014.0,95.0,0.0,0.0,650000.0,650000.0,163000.0,4.564348191467836,0.0,13.384729180332174,12.001511614739405,2,smote_augmented
2014.0,94.0,0.0,500000.0,0.0,500000.0,0.0,4.553876891600541,0.0,13.122365377402328,0.0,2,smote_augmented
2015.0,1.0,0.0,10000.0,0.0,10000.0,3000.0,0.6931471805599453,0.0,9.210440366976517,8.006700845440367,1,smote_augmented
2015.0,100.0,100.0,125000.0,0.0,125100.0,160000.0,4.61512051684126,4.61512051684126,11.73687669002817,11.982935344196433,2,smote_augmented
2015.0,2248.0,0.0,0.0,0.0,0.0,0.0,7.718240951959316,0.0,0.0,0.0,1,smote_augmented
2015.0,8.0,0.0,200.0,0.0,200.0,0.0,2.1972245773362196,0.0,5.303304908059076,0.0,0,smote_augmented
2015.0,25.0,0.0,0.0,0.0,0.0,0.0,3.258096538021482,0.0,0.0,0.0,0,smote_augmented
2015.0,18.0,0.0,736000.0,51000.0,787000.0,0.0,2.9444389791664403,0.0,13.575984798046763,0.0,1,smote_augmented
2015.0,0.0,0.0,85250.0,0.0,85250.0,0.0,0.0,0.0,11.353355125282244,0.0,1,smote_augmented
2015.0,32.0,0.0,0.0,0.0,0.0,0.0,3.4965075614664802,0.0,0.0,0.0,0,smote_augmented
2015.0,23.0,0.0,0.0,0.0,0.0,0.0,3.1780538303479458,0.0,0.0,0.0,0,smote_augmented
2016.0,93.0,0.0,0.0,0.0,0.0,0.0,4.543294782270004,0.0,0.0,0.0,0,smote_augmented
2017.0,264.0,0.0,0.0,0.0,0.0,0.0,5.579729825986222,0.0,0.0,0.0,0,smote_augmented
2018.0,95.0,0.0,0.0,0.0,0.0,0.0,4.564348191467836,0.0,0.0,0.0,0,smote_augmented
2018.0,32.0,0.0,21000.0,0.0,21000.0,50000.0,3.4965075614664802,0.0,9.952325334619427,10.819798284210286,2,smote_augmented
2018.0,54.0,0.0,0.0,0.0,0.0,25000.0,4.007333185232471,0.0,0.0,10.12667110305036,1,smote_augmented
2019.0,50.0,0.0,0.0,0.0,0.0,0.0,3.9318256327243257,0.0,0.0,0.0,0,smote_augmented
2022.0,0.0,0.0,0.0,0.0,0.0,0.0,0.0,0.0,0.0,0.0,0,smote_augmented
2022.0,63.0,0.0,800000.0,0.0,800000.0,0.0,4.1588830833596715,0.0,13.592368256649284,0.0,2,smote_augmented
2023.0,26.0,2.0,0.0,0.0,2.0,0.0,3.295836866004329,1.0986122886681098,1.0986122886681098,0.0,0,smote_augmented
2021.0,57.0,17.0,1385.0,0.0,1402.0,0.0,4.060443010546419,2.8903717578961645,7.246368080102461,0.0,1,smote_augmented
2021.0,39.0,0.0,3500.0,450.0,3950.0,0.0,3.6888794541139363,0.0,8.281723990411392,0.0,1,smote_augmented
2021.0,35.0,13.0,0.0,0.0,13.0,0.0,3.58351893845611,2.6390573296152584,2.6390573296152584,0.0,1,smote_augmented
2023.0,7.0,0.0,10000.0,0.0,10000.0,0.0,2.0794415416798357,0.0,9.210440366976517,0.0,1,smote_augmented
2016.0,37.0,0.0,3000.0,0.0,3000.0,0.0,3.6375861597263857,0.0,8.006700845440367,0.0,1,smote_augmented
2016.0,28.0,0.0,3000.0,0.0,3000.0,589000.0,3.367295829986474,0.0,8.006700845440367,13.286183160425152,2,smote_augmented
2016.0,24.0,0.0,0.0,0.0,0.0,1000000.0,3.2188758248682006,0.0,0.0,13.815511557963774,1,smote_augmented
2022.0,20.0,0.0,95000.0,0.0,95000.0,0.0,3.044522437723423,0.0,11.461642696843066,0.0,1,smote_augmented
2016.0,34.0,0.0,0.0,0.0,0.0,0.0,3.5553480614894135,0.0,0.0,0.0,0,smote_augmented
2017.0,28.0,0.0,0.0,0.0,0.0,0.0,3.367295829986474,0.0,0.0,0.0,0,smote_augmented
2017.0,23.0,12.0,0.0,0.0,12.0,0.0,3.1780538303479458,2.5649493574615367,2.5649493574615367,0.0,0,smote_augmented
2017.0,21.0,0.0,4000.0,0.0,4000.0,0.0,3.091042453358316,0.0,8.294299608857235,0.0,1,smote_augmented
2017.0,884.0,0.0,60000.0,0.0,60000.0,0.0,6.785587645007929,0.0,11.002116507732017,0.0,2,smote_augmented
2017.0,4.0,20.0,0.0,60000.0,60020.0,0.0,1.6094379124341003,3.044522437723423,11.002449779968526,0.0,1,smote_augmented
2018.0,15.0,24.0,11704.0,0.0,11728.0,10000.0,2.772588722239781,3.2188758248682006,9.369819686521504,9.210440366976517,2,smote_augmented
2018.0,18.0,50.0,22000.0,0.0,22050.0,100000.0,2.9444389791664403,3.9318256327243257,10.001113231320568,11.51293546492023,2,smote_augmented
2018.0,42.0,0.0,0.0,0.0,0.0,0.0,3.7612001156935624,0.0,0.0,0.0,0,smote_augmented
2018.0,33.0,45.0,1500.0,0.0,1545.0,0.0,3.5263605246161616,3.828641396489095,7.343426229147367,0.0,1,smote_augmented
2018.0,3.0,0.0,25000.0,0.0,25000.0,0.0,1.3862943611198906,0.0,10.12667110305036,0.0,1,smote_augmented
2018.0,46.0,0.0,0.0,3050.0,3050.0,0.0,3.8501476017100584,0.0,8.02322468471667,0.0,1,smote_augmented
2018.0,45.0,0.0,500000.0,0.0,500000.0,775000.0,3.828641396489095,0.0,13.122365377402328,13.560619598657233,2,smote_augmented
2019.0,52.0,60.0,0.0,0.0,60.0,0.0,3.970291913552122,4.110873864173311,4.110873864173311,0.0,1,smote_augmented
2019.0,27.0,0.0,25000.0,0.0,25000.0,0.0,3.332204510175204,0.0,10.12667110305036,0.0,1,smote_augmented
2020.0,6.0,0.0,7500.0,0.0,7500.0,820000.0,1.9459101490553132,0.0,8.922791623969637,13.617060838751888,2,smote_augmented
2020.0,29.0,0.0,0.0,0.0,0.0,10000.0,3.4011973816621555,0.0,0.0,9.210440366976517,1,smote_augmented
2020.0,21.0,0.0,155850.0,0.0,155850.0,0.0,3.091042453358316,0.0,11.95665570160095,0.0,1,smote_augmented
2020.0,1922.0,0.0,1300000.0,0.0,1300000.0,7500000.0,7.56164174558878,0.0,14.077875591662238,15.830413711839864,2,smote_augmented
2021.0,7.0,0.0,850000.0,0.0,850000.0,0.0,2.0794415416798357,0.0,13.652992804936396,0.0,1,smote_augmented
2021.0,7.0,0.0,179000.0,0.0,179000.0,0.0,2.0794415416798357,0.0,12.095146671399466,0.0,1,smote_augmented
2022.0,0.0,0.0,0.0,0.0,0.0,0.0,0.0,0.0,0.0,0.0,0,smote_augmented
2023.0,28.0,0.0,0.0,200.0,200.0,0.0,3.367295829986474,0.0,5.303304908059076,0.0,1,smote_augmented
2000.0,43.0,0.0,0.0,0.0,0.0,0.0,3.784189633918261,0.0,0.0,0.0,0,smote_augmented
2000.0,86.0,0.0,0.0,0.0,0.0,0.0,4.465908118654584,0.0,0.0,0.0,0,smote_augmented
2000.0,0.0,0.0,30000.0,0.0,30000.0,0.0,0.0,0.0,10.308985993422082,0.0,0,smote_augmented
2001.0,20005.0,166812.0,4365000.0,1790000.0,6321812.0,2623000.0,9.903787507545125,12.024628703519683,15.659516592073151,14.77982964009179,2,smote_augmented
2001.0,48.0,0.0,0.0,0.0,0.0,0.0,3.8918202981106265,0.0,0.0,0.0,0,smote_augmented
2002.0,1030.0,0.0,0.0,0.0,0.0,0.0,6.93828448401696,0.0,0.0,0.0,1,smote_augmented
2003.0,0.0,60.0,0.0,400.0,460.0,0.0,0.0,4.110873864173311,6.133398042996649,0.0,0,smote_augmented
2003.0,20.0,0.0,0.0,200.0,200.0,0.0,3.044522437723423,0.0,5.303304908059076,0.0,0,smote_augmented
2003.0,14.0,4.0,0.0,0.0,4.0,0.0,2.70805020110221,1.6094379124341003,1.6094379124341003,0.0,0,smote_augmented
2003.0,30.0,500.0,294765.0,190645.0,485910.0,16000.0,3.4339872044851463,6.2166061010848646,13.093780758540714,9.680406499268875,2,smote_augmented
2003.0,400.0,0.0,0.0,0.0,0.0,0.0,5.993961427306569,0.0,0.0,0.0,0,smote_augmented
2003.0,67.0,0.0,3000000.0,0.0,3000000.0,169000.0,4.219507705176107,0.0,14.914123179965662,12.037659911047468,2,smote_augmented
2003.0,150.0,30.0,0.0,0.0,30.0,0.0,5.017279836814924,3.4339872044851463,3.4339872044851463,0.0,1,smote_augmented
2003.0,43.0,15.0,0.0,0.0,15.0,0.0,3.784189633918261,2.772588722239781,2.772588722239781,0.0,1,smote_augmented
2004.0,900.0,0.0,33000000.0,0.0,33000000.0,2500000.0,6.803505257608338,0.0,17.312018149733785,14.731801689838349,2,smote_augmented
2004.0,33.0,0.0,0.0,0.0,0.0,0.0,3.5263605246161616,0.0,0.0,0.0,0,smote_augmented
2005.0,18.0,50.0,0.0,7500.0,7550.0,0.0,2.9444389791664403,3.9318256327243257,8.929435283803425,0.0,1,smote_augmented
2005.0,14.0,12.0,0.0,0.0,12.0,0.0,2.70805020110221,2.5649493574615367,2.5649493574615367,0.0,0,smote_augmented
2005.0,239.0,0.0,405000.0,0.0,405000.0,2300000.0,5.480638923341991,0.0,12.91164481522143,14.648420115681892,2,smote_augmented
2005.0,12.0,20.0,0.0,0.0,20.0,0.0,2.5649493574615367,3.044522437723423,3.044522437723423,0.0,0,smote_augmented
2005.0,27.0,0.0,800000.0,0.0,800000.0,0.0,3.332204510175204,0.0,13.592368256649284,0.0,2,smote_augmented
2005.0,89.0,0.0,550000.0,0.0,550000.0,420000.0,4.499809670330265,0.0,13.217675375388819,12.948012371209098,2,smote_augmented
2006.0,24.0,0.0,8400.0,0.0,8400.0,0.0,3.2188758248682006,0.0,9.036106025364846,0.0,1,smote_augmented
2006.0,33.0,0.0,0.0,0.0,0.0,0.0,3.5263605246161616,0.0,0.0,0.0,0,smote_augmented
2006.0,350.0,65.0,0.0,4000000.0,4000065.0,3390000.0,5.860786223465865,4.189654742026425,15.201821418948041,15.03634077434184,2,smote_augmented
2006.0,0.0,0.0,50000.0,0.0,50000.0,0.0,0.0,0.0,10.819798284210286,0.0,1,smote_augmented
2006.0,135.0,0.0,20000.0,0.0,20000.0,0.0,4.912654885736052,0.0,9.90353755128617,0.0,1,smote_augmented
2007.0,72.0,0.0,0.0,0.0,0.0,0.0,4.290459441148391,0.0,0.0,0.0,0,smote_augmented
2007.0,29.0,0.0,50000.0,0.0,50000.0,0.0,3.4011973816621555,0.0,10.819798284210286,0.0,1,smote_augmented
2007.0,0.0,0.0,0.0,0.0,0.0,0.0,0.0,0.0,0.0,0.0,0,smote_augmented
2007.0,47.0,0.0,0.0,0.0,0.0,0.0,3.871201010907891,0.0,0.0,0.0,0,smote_augmented
2008.0,0.0,0.0,50000.0,0.0,50000.0,0.0,0.0,0.0,10.819798284210286,0.0,1,smote_augmented
2008.0,54.0,0.0,803740.0,0.0,803740.0,0.0,4.007333185232471,0.0,13.597032356959609,0.0,2,smote_augmented
2009.0,992.0,0.0,1886000.0,0.0,1886000.0,220000.0,6.900730664045173,0.0,14.449969272398093,12.301387370778713,2,smote_augmented
2010.0,27.0,0.0,50000.0,0.0,50000.0,0.0,3.332204510175204,0.0,10.819798284210286,0.0,1,smote_augmented
2010.0,200.0,0.0,3267183.0,0.0,3267183.0,1680000.0,5.303304908059076,0.0,14.999439009780845,14.33430494661736,2,smote_augmented
2011.0,42.0,50.0,0.0,0.0,50.0,0.0,3.7612001156935624,3.9318256327243257,3.9318256327243257,0.0,1,smote_augmented
2012.0,45.0,0.0,200.0,0.0,200.0,20000.0,3.828641396489095,0.0,5.303304908059076,9.90353755128617,1,smote_augmented
2013.0,557.0,0.0,0.0,0.0,0.0,0.0,6.324358962381311,0.0,0.0,0.0,0,smote_augmented
2013.0,73.0,0.0,40000.0,0.0,40000.0,0.0,4.30406509320417,0.0,10.596659732783579,0.0,1,smote_augmented
2013.0,47.0,0.0,13230000.0,0.0,13230000.0,633471.0,3.871201010907891,0.0,16.397997611676924,13.358971078871503,2,smote_augmented
2014.0,17.0,0.0,9610.0,0.0,9610.0,0.0,2.8903717578961645,0.0,9.170663554823284,0.0,1,smote_augmented
2014.0,15.0,26.0,0.0,0.0,26.0,0.0,2.772588722239781,3.295836866004329,3.295836866004329,0.0,1,smote_augmented
2015.0,20.0,0.0,0.0,0.0,0.0,0.0,3.044522437723423,0.0,0.0,0.0,0,smote_augmented
2014.0,47.0,0.0,3600000.0,0.0,3600000.0,100000.0,3.871201010907891,0.0,15.096444681204078,11.51293546492023,2,smote_augmented
2015.0,40.0,0.0,0.0,1000.0,1000.0,0.0,3.713572066704308,0.0,6.90875477931522,0.0,1,smote_augmented
2015.0,325.0,1000.0,1800000.0,0.0,1801000.0,2200000.0,5.786897381366708,6.90875477931522,14.403853179405024,14.603968372873895,2,smote_augmented
2015.0,29.0,0.0,0.0,0.0,0.0,0.0,3.4011973816621555,0.0,0.0,0.0,0,smote_augmented
2016.0,300.0,0.0,0.0,0.0,0.0,0.0,5.707110264748875,0.0,0.0,0.0,0,smote_augmented
2016.0,18.0,0.0,100000.0,0.0,100000.0,150000.0,2.9444389791664403,0.0,11.51293546492023,11.918397239722838,2,smote_augmented
2016.0,50.0,0.0,0.0,2000000.0,2000000.0,150000.0,3.9318256327243257,0.0,14.508658238524095,11.918397239722838,2,smote_augmented
2009.0,32.0,23.0,0.0,0.0,23.0,0.0,3.4965075614664802,3.1780538303479458,3.1780538303479458,0.0,1,smote_augmented
2010.0,114.0,0.0,0.0,500000.0,500000.0,0.0,4.74493212836325,0.0,13.122365377402328,0.0,2,smote_augmented
2010.0,54.0,50.0,0.0,0.0,50.0,0.0,4.007333185232471,3.9318256327243257,3.9318256327243257,0.0,1,smote_augmented
2012.0,15.0,0.0,0.0,0.0,0.0,0.0,2.772588722239781,0.0,0.0,0.0,0,smote_augmented
2010.0,203.0,0.0,0.0,0.0,0.0,22000.0,5.318119993844216,0.0,0.0,9.99884318585288,1,smote_augmented
2011.0,80.0,0.0,0.0,0.0,0.0,0.0,4.394449154672439,0.0,0.0,0.0,0,smote_augmented
2011.0,112.0,200.0,500000.0,75000.0,575200.0,0.0,4.727387818712341,5.303304908059076,13.262474823913193,0.0,2,smote_augmented
2011.0,239.0,0.0,3443989.0,0.0,3443989.0,930000.0,5.480638923341991,0.0,15.052141240925078,13.742940940397677,2,smote_augmented
2011.0,204.0,0.0,5549080.0,0.0,5549080.0,0.0,5.3230099791384085,0.0,15.529142886426225,0.0,2,smote_augmented
2011.0,17.0,0.0,0.0,0.0,0.0,0.0,2.8903717578961645,0.0,0.0,0.0,0,smote_augmented
2011.0,50.0,0.0,0.0,0.0,0.0,20000.0,3.9318256327243257,0.0,0.0,9.90353755128617,1,smote_augmented
2012.0,120.0,0.0,2200000.0,0.0,2200000.0,0.0,4.795790545596741,0.0,14.603968372873895,0.0,2,smote_augmented
2013.0,9.0,0.0,0.0,0.0,0.0,0.0,2.302585092994046,0.0,0.0,0.0,0,smote_augmented
2013.0,6054.0,4473.0,500000.0,0.0,504473.0,1100000.0,8.708639655987193,8.406038142050075,13.131271581273337,13.910821646859095,2,smote_augmented
2013.0,32.0,0.0,0.0,0.0,0.0,0.0,3.4965075614664802,0.0,0.0,0.0,0,smote_augmented
2014.0,27.0,0.0,18500.0,0.0,18500.0,2000.0,3.332204510175204,0.0,9.825580063659602,7.601402334583733,2,smote_augmented
2014.0,298.0,0.0,275000.0,0.0,275000.0,16000000.0,5.700443573390687,0.0,12.524530013005734,16.588099342704055,2,smote_augmented
2014.0,140.0,0.0,0.0,0.0,0.0,0.0,4.948759890378168,0.0,0.0,0.0,0,smote_augmented
2015.0,27.0,0.0,0.0,0.0,0.0,906000.0,3.332204510175204,0.0,0.0,13.716795688777268,1,smote_augmented
2015.0,78.0,560.0,0.0,0.0,560.0,0.0,4.3694478524670215,6.329720905522696,6.329720905522696,0.0,2,smote_augmented
2015.0,3.0,0.0,9000.0,0.0,9000.0,0.0,1.3862943611198906,0.0,9.105090961257085,0.0,1,smote_augmented
2015.0,81.0,0.0,9000.0,0.0,9000.0,604000.0,4.406719247264253,0.0,9.105090961257085,13.311331132544721,2,smote_augmented
2015.0,293.0,0.0,13709887.0,0.0,13709887.0,0.0,5.683579767338681,0.0,16.43362788228558,0.0,2,smote_augmented
2015.0,5.0,0.0,18000.0,0.0,18000.0,0.0,1.791759469228055,0.0,9.798182590890704,0.0,1,smote_augmented
2015.0,0.0,10.0,0.0,0.0,10.0,0.0,0.0,2.3978952727983707,2.3978952727983707,0.0,0,smote_augmented
2020.0,70.0,0.0,0.0,0.0,0.0,0.0,4.2626798770413155,0.0,0.0,0.0,0,smote_augmented
2016.0,10.0,5.0,0.0,0.0,5.0,0.0,2.3978952727983707,1.791759469228055,1.791759469228055,0.0,0,smote_augmented
2016.0,61.0,0.0,0.0,0.0,0.0,100000.0,4.127134385045092,0.0,0.0,11.51293546492023,1,smote_augmented
2016.0,254.0,0.0,1600000.0,0.0,1600000.0,350000.0,5.541263545158426,0.0,14.285514812209815,12.765691290604371,2,smote_augmented
2017.0,0.0,0.0,1970.0,0.0,1970.0,0.0,0.0,0.0,7.58629630715272,0.0,0,smote_augmented
2017.0,6.0,0.0,100000.0,0.0,100000.0,0.0,1.9459101490553132,0.0,11.51293546492023,0.0,1,smote_augmented
2005.0,25.0,0.0,0.0,0.0,0.0,0.0,3.258096538021482,0.0,0.0,0.0,0,smote_augmented
2017.0,31.0,0.0,0.0,0.0,0.0,0.0,3.4657359027997265,0.0,0.0,0.0,0,smote_augmented
2017.0,75.0,0.0,1735000.0,0.0,1735000.0,0.0,4.330733340286331,0.0,14.366518547731806,0.0,2,smote_augmented
2017.0,0.0,0.0,12831.0,0.0,12831.0,0.0,0.0,0.0,9.459697330106296,0.0,0,smote_augmented
2017.0,46.0,0.0,0.0,100.0,100.0,0.0,3.8501476017100584,0.0,4.61512051684126,0.0,1,smote_augmented
2017.0,101.0,0.0,2700000.0,0.0,2700000.0,0.0,4.624972813284271,0.0,14.80876270134486,0.0,2,smote_augmented
2018.0,143.0,200.0,0.0,0.0,200.0,24000.0,4.969813299576001,5.303304908059076,5.303304908059076,10.085850775128717,2,smote_augmented
2018.0,12.0,0.0,4945.0,0.0,4945.0,2500.0,2.5649493574615367,0.0,8.506334448081361,7.824445930877619,1,smote_augmented
2018.0,20.0,0.0,41430.0,0.0,41430.0,0.0,3.044522437723423,0.0,10.631784671878874,0.0,1,smote_augmented
2018.0,25.0,0.0,0.0,0.0,0.0,0.0,3.258096538021482,0.0,0.0,0.0,0,smote_augmented
2018.0,85.0,200.0,300000.0,0.0,300200.0,920000.0,4.454347296253507,5.303304908059076,12.612207529288542,13.732130035981154,2,smote_augmented
2018.0,8.0,0.0,10000.0,0.0,10000.0,100000.0,2.1972245773362196,0.0,9.210440366976517,11.51293546492023,2,smote_augmented
2019.0,50.0,0.0,20000000.0,0.0,20000000.0,1810000.0,3.9318256327243257,0.0,16.811242881518265,14.408837955728044,2,smote_augmented
2019.0,22.0,450.0,0.0,0.0,450.0,0.0,3.1354942159291497,6.111467339502679,6.111467339502679,0.0,1,smote_augmented
2019.0,10.0,0.0,0.0,0.0,0.0,0.0,2.3978952727983707,0.0,0.0,0.0,0,smote_augmented
2019.0,12.0,0.0,130000.0,0.0,130000.0,0.0,2.5649493574615367,0.0,11.775297421715827,0.0,1,smote_augmented
2020.0,1.0,2.0,30000.0,0.0,30002.0,0.0,0.6931471805599453,1.0986122886681098,10.309052655644626,0.0,1,smote_augmented
2020.0,0.0,0.0,5000.0,0.0,5000.0,0.0,0.0,0.0,8.517393171418904,0.0,0,smote_augmented
2020.0,152.0,0.0,150000.0,0.0,150000.0,4000000.0,5.030437921392435,0.0,11.918397239722838,15.201805169084134,2,smote_augmented
2021.0,0.0,0.0,7587.0,0.0,7587.0,0.0,0.0,0.0,8.934323331054905,0.0,0,smote_augmented
2021.0,33.0,0.0,0.0,0.0,0.0,0.0,3.5263605246161616,0.0,0.0,0.0,0,smote_augmented
2021.0,37.0,17.0,105.0,0.0,122.0,0.0,3.6375861597263857,2.8903717578961645,4.812184355372417,0.0,1,smote_augmented
2021.0,20.0,0.0,0.0,0.0,0.0,0.0,3.044522437723423,0.0,0.0,0.0,0,smote_augmented
2021.0,5.0,400.0,1650.0,0.0,2050.0,0.0,1.791759469228055,5.993961427306569,7.62608275807238,0.0,1,smote_augmented
2009.0,20.0,0.0,0.0,0.0,0.0,300000.0,3.044522437723423,0.0,0.0,12.611541086966115,1,smote_augmented
2009.0,70.0,8.0,0.0,0.0,8.0,64000.0,4.2626798770413155,2.1972245773362196,2.1972245773362196,11.06665398721974,1,smote_augmented
2009.0,20.0,0.0,0.0,0.0,0.0,0.0,3.044522437723423,0.0,0.0,0.0,0,smote_augmented
2009.0,35.0,12.0,0.0,0.0,12.0,0.0,3.58351893845611,2.5649493574615367,2.5649493574615367,0.0,1,smote_augmented
2008.0,111.0,50.0,0.0,0.0,50.0,25000.0,4.718498871295094,3.9318256327243257,3.9318256327243257,10.12667110305036,2,smote_augmented
2008.0,47.0,0.0,2600000.0,0.0,2600000.0,20000.0,3.871201010907891,0.0,14.77102238760702,9.90353755128617,2,smote_augmented
2008.0,37.0,0.0,10278.0,0.0,10278.0,2000.0,3.6375861597263857,0.0,9.237858258012922,7.601402334583733,2,smote_augmented
2007.0,40.0,8.0,0.0,0.0,8.0,0.0,3.713572066704308,2.1972245773362196,2.1972245773362196,0.0,0,smote_augmented
2007.0,44.0,0.0,35000.0,0.0,35000.0,101151.0,3.8066624897703196,0.0,10.463131911491967,11.524379615015345,2,smote_augmented
2007.0,96.0,0.0,11100000.0,0.0,11100000.0,0.0,4.574710978503383,0.0,16.22245575637265,0.0,2,smote_augmented
2007.0,15.0,0.0,500000.0,0.0,500000.0,0.0,2.772588722239781,0.0,13.122365377402328,0.0,1,smote_augmented
2007.0,1103.0,0.0,18700000.0,0.0,18700000.0,0.0,7.00669522683704,0.0,16.74403413530075,0.0,2,smote_augmented
2007.0,62.0,0.0,10000.0,0.0,10000.0,0.0,4.143134726391533,0.0,9.210440366976517,0.0,1,smote_augmented
2007.0,15.0,0.0,200000.0,0.0,200000.0,0.0,2.772588722239781,0.0,12.206077645517674,0.0,1,smote_augmented
2006.0,47.0,0.0,225000.0,0.0,225000.0,0.0,3.871201010907891,0.0,12.323860125621126,0.0,2,smote_augmented
2006.0,21.0,0.0,504000.0,0.0,504000.0,0.0,3.091042453358316,0.0,13.130333531178522,0.0,1,smote_augmented
2006.0,20.0,0.0,0.0,0.0,0.0,0.0,3.044522437723423,0.0,0.0,0.0,0,smote_augmented
2005.0,11.0,20.0,0.0,0.0,20.0,0.0,2.4849066497880004,3.044522437723423,3.044522437723423,0.0,0,smote_augmented
2005.0,62.0,0.0,49000.0,0.0,49000.0,0.0,4.143134726391533,0.0,10.799595985047786,0.0,1,smote_augmented
2003.0,142.0,0.0,4550000.0,0.0,4550000.0,0.0,4.962844630259907,0.0,15.330638010707329,0.0,2,smote_augmented
2003.0,1210.0,0.0,0.0,0.0,0.0,400000.0,7.099201743553092,0.0,0.0,12.899222326086994,2,smote_augmented
2003.0,45.0,4000.0,0.0,600.0,4600.0,0.0,3.828641396489095,8.294299608857235,8.434028950155469,0.0,2,smote_augmented
2003.0,5.0,0.0,140.0,0.0,140.0,0.0,1.791759469228055,0.0,4.948759890378168,0.0,0,smote_augmented
2002.0,11.0,0.0,0.0,0.0,0.0,0.0,2.4849066497880004,0.0,0.0,0.0,0,smote_augmented
2002.0,33.0,50.0,0.0,0.0,50.0,20000.0,3.5263605246161616,3.9318256327243257,3.9318256327243257,9.90353755128617,2,smote_augmented
2001.0,21.0,0.0,0.0,0.0,0.0,0.0,3.091042453358316,0.0,0.0,0.0,0,smote_augmented
2001.0,55.0,0.0,0.0,0.0,0.0,0.0,4.02535169073515,0.0,0.0,0.0,0,smote_augmented
2001.0,158.0,0.0,7000000.0,0.0,7000000.0,26000.0,5.0689042022202315,0.0,15.76142084987672,10.165890277802454,2,smote_augmented
2001.0,0.0,0.0,400000.0,0.0,400000.0,0.0,0.0,0.0,12.899222326086994,0.0,1,smote_augmented
2001.0,100.0,0.0,9670000.0,0.0,9670000.0,90000.0,4.61512051684126,0.0,16.08453897084209,11.407576060361786,2,smote_augmented
2001.0,5.0,0.0,700000.0,0.0,700000.0,0.0,1.791759469228055,0.0,13.45883704259595,0.0,1,smote_augmented
2001.0,125.0,0.0,0.0,0.0,0.0,0.0,4.836281906951478,0.0,0.0,0.0,0,smote_augmented
2000.0,6.0,0.0,534035.0,0.0,534035.0,0.0,1.9459101490553132,0.0,13.18821853140033,0.0,1,smote_augmented
2000.0,867.0,0.0,22000000.0,0.0,22000000.0,43000.0,6.7661917146603505,0.0,16.906553056777135,10.668978650219241,2,smote_augmented
2006.0,0.0,292.0,0.0,0.0,0.0,776101.0,0.0,5.680172609017068,0.0,13.562039233826411,1,smote_augmented
2022.0,212.0,447.0,4952499.0,0.0,0.0,367283.0,5.3612921657094255,6.104793232414985,0.0,12.813890669737246,0,smote_augmented
2018.0,0.0,0.0,45817.0,0.0,0.0,0.0,0.0,0.0,0.0,0.0,2,smote_augmented
2024.0,0.0,234.0,8558.0,11712.0,66666.0,0.0,0.0,5.459585514144159,11.107465356849564,0.0,0,smote_augmented
2024.0,0.0,160.0,35402.0,9147.0,0.0,0.0,0.0,5.081404364984463,0.0,0.0,1,smote_augmented
2022.0,0.0,139.0,348594.0,28689.0,0.0,0.0,0.0,4.941642422609304,0.0,0.0,0,smote_augmented
2017.0,31.0,0.0,0.0,0.0,0.0,0.0,3.4657359027997265,0.0,0.0,0.0,1,smote_augmented
2006.0,154.0,0.0,0.0,25402.0,95808.0,701608.0,5.043425116919247,0.0,11.47011190526658,13.461131547779955,1,smote_augmented
2009.0,8.0,0.0,172977.0,23675.0,572938.0,0.0,2.1972245773362196,0.0,13.25853453278732,0.0,1,smote_augmented
2008.0,0.0,0.0,0.0,0.0,0.0,0.0,0.0,0.0,0.0,0.0,2,smote_augmented
2022.0,26.0,378.0,0.0,0.0,0.0,0.0,3.295836866004329,5.937536205082426,0.0,0.0,1,smote_augmented
2024.0,0.0,488.0,29927.0,0.0,0.0,0.0,0.0,6.192362489474872,0.0,0.0,1,smote_augmented
2009.0,269.0,199.0,0.0,25053.0,0.0,0.0,5.598421958998375,5.298317366548036,0.0,0.0,0,smote_augmented
2012.0,0.0,0.0,0.0,12617.0,3277863.0,0.0,0.0,0.0,15.002702548712602,0.0,1,smote_augmented
2024.0,0.0,0.0,0.0,0.0,0.0,0.0,0.0,0.0,0.0,0.0,2,smote_augmented
2020.0,0.0,0.0,0.0,3592.0,208365.0,2448698.0,0.0,0.0,12.247051427758594,14.711067421071476,2,smote_augmented
2024.0,0.0,676.0,353762.0,0.0,1555449.0,0.0,0.0,6.517671272912275,14.257275450798057,0.0,2,smote_augmented
2022.0,0.0,325.0,0.0,0.0,0.0,0.0,0.0,5.786897381366708,0.0,0.0,0,smote_augmented
2014.0,0.0,0.0,0.0,0.0,0.0,0.0,0.0,0.0,0.0,0.0,2,smote_augmented
2017.0,0.0,524.0,44376.0,0.0,0.0,0.0,0.0,6.263398262591624,0.0,0.0,1,smote_augmented
2023.0,0.0,0.0,19604.0,27627.0,0.0,0.0,0.0,0.0,0.0,0.0,0,smote_augmented
2019.0,0.0,0.0,0.0,0.0,9543273.0,0.0,0.0,0.0,16.07134717113223,0.0,0,smote_augmented
2007.0,0.0,880.0,0.0,7683.0,48852.0,0.0,0.0,6.78105762593618,10.796571068072465,0.0,0,smote_augmented
2022.0,0.0,151.0,0.0,0.0,64691.0,0.0,0.0,5.0238805208462765,11.077392825239668,0.0,0,smote_augmented
2004.0,0.0,726.0,225477.0,0.0,772142.0,907154.0,0.0,6.588926477533519,13.556925045013992,13.718068607550743,0,smote_augmented
2024.0,69.0,0.0,0.0,2282.0,0.0,0.0,4.248495242049359,0.0,0.0,0.0,1,smote_augmented
2021.0,0.0,186.0,0.0,0.0,362871.0,0.0,0.0,5.231108616854587,12.801805433983077,0.0,2,smote_augmented
2012.0,0.0,0.0,0.0,18526.0,0.0,0.0,0.0,0.0,0.0,0.0,1,smote_augmented
2012.0,27.0,0.0,0.0,0.0,0.0,382716.0,3.332204510175204,0.0,0.0,12.855051091644864,2,smote_augmented
2011.0,0.0,0.0,0.0,0.0,606904.0,1510750.0,0.0,0.0,13.316127550379562,14.228117436146471,2,smote_augmented
2024.0,140.0,336.0,0.0,0.0,0.0,0.0,4.948759890378168,5.820082930352362,0.0,0.0,1,smote_augmented
2019.0,117.0,0.0,0.0,0.0,2590655.0,0.0,4.770684624465665,0.0,14.767421683458569,0.0,1,smote_augmented
2022.0,0.0,0.0,17950.0,0.0,0.0,0.0,0.0,0.0,0.0,0.0,0,smote_augmented
2023.0,1475.0,0.0,501929.0,0.0,0.0,92884.0,7.297091005160418,0.0,0.0,11.439117447825504,2,smote_augmented
2017.0,108.0,0.0,0.0,0.0,20150937.0,0.0,4.6913478822291435,0.0,16.818761396141994,0.0,2,smote_augmented
2024.0,0.0,537.0,38093.0,9732.0,0.0,0.0,0.0,6.2878585601617845,0.0,0.0,1,smote_augmented
2024.0,0.0,0.0,0.0,9323.0,0.0,0.0,0.0,0.0,0.0,0.0,0,smote_augmented
2018.0,27.0,887.0,18795.0,0.0,0.0,18380.0,3.332204510175204,6.78897174299217,0.0,9.819072801393764,0,smote_augmented
2016.0,141.0,118.0,0.0,1441.0,238637.0,1284563.0,4.955827057601261,4.77912349311153,12.382703038328838,14.065929919125425,0,smote_augmented
2019.0,0.0,0.0,503919.0,0.0,0.0,181984.0,0.0,0.0,0.0,12.11167954508,0,smote_augmented
2024.0,50.0,0.0,0.0,3134.0,0.0,8701.0,3.9318256327243257,0.0,0.0,9.071308163280625,2,smote_augmented
2024.0,127.0,117.0,0.0,0.0,0.0,560246.0,4.852030263919617,4.770684624465665,0.0,13.236133036896494,0,smote_augmented
2002.0,0.0,681.0,775496.0,0.0,0.0,0.0,0.0,6.525029657843462,0.0,0.0,0,smote_augmented
2011.0,124.0,0.0,0.0,14323.0,282152.0,0.0,4.8283137373023015,0.0,12.550204755982971,0.0,1,smote_augmented
2017.0,0.0,0.0,0.0,0.0,0.0,130485.0,0.0,0.0,0.0,11.77902122029652,2,smote_augmented
2024.0,39.0,609.0,0.0,0.0,0.0,0.0,3.6888794541139363,6.413458957167357,0.0,0.0,0,smote_augmented
2022.0,43.0,522.0,575691.0,0.0,2689896.0,0.0,3.784189633918261,6.259581464064923,14.805013460882117,0.0,0,smote_augmented
2020.0,0.0,0.0,3868163.0,13724.0,0.0,107067.0,0.0,0.0,0.0,11.581219425609216,2,smote_augmented
2006.0,0.0,273.0,0.0,0.0,42455.0,0.0,0.0,5.6131281063880705,10.65622352450773,0.0,1,smote_augmented
2005.0,0.0,98.0,13865608.0,0.0,0.0,27243.0,0.0,4.59511985013459,0.0,10.21258859236121,2,smote_augmented
2011.0,0.0,0.0,0.0,0.0,0.0,0.0,0.0,0.0,0.0,0.0,1,smote_augmented
2007.0,79.0,0.0,0.0,9307.0,189996.0,0.0,4.382026634673881,0.0,12.154763561544284,0.0,1,smote_augmented
2024.0,0.0,0.0,0.0,0.0,0.0,0.0,0.0,0.0,0.0,0.0,2,smote_augmented
2018.0,0.0,304.0,0.0,0.0,0.0,0.0,0.0,5.720311776607412,0.0,0.0,0,smote_augmented
2024.0,19.0,0.0,0.0,10043.0,963021.0,0.0,2.995732273553991,0.0,13.777831535794496,0.0,2,smote_augmented
2024.0,0.0,218.0,399520.0,0.0,25860203.0,0.0,0.0,5.389071729816501,17.068215819907962,0.0,1,smote_augmented
2024.0,121.0,0.0,442294.0,0.0,0.0,1761378.0,4.804021044733257,0.0,0.0,14.381607582947918,0,smote_augmented
2018.0,0.0,0.0,0.0,16312.0,2375234.0,0.0,0.0,0.0,14.680606937924331,0.0,0,smote_augmented
2010.0,0.0,103.0,26007623.0,0.0,0.0,101640.0,0.0,4.6443908991413725,0.0,11.529202276031903,0,smote_augmented
2024.0,0.0,0.0,0.0,4048.0,0.0,0.0,0.0,0.0,0.0,0.0,0,smote_augmented
2009.0,209.0,0.0,56183.0,0.0,0.0,0.0,5.3471075307174685,0.0,0.0,0.0,2,smote_augmented
2003.0,44.0,0.0,0.0,0.0,2058969.0,0.0,3.8066624897703196,0.0,14.537716415724082,0.0,1,smote_augmented
2003.0,115.0,634.0,0.0,368.0,167901.0,0.0,4.7535901911063645,6.453624998892692,12.03113575484698,0.0,0,smote_augmented
2023.0,0.0,0.0,1408782.0,0.0,86196.0,0.0,0.0,0.0,11.36439065326193,0.0,1,smote_augmented
2024.0,205.0,0.0,0.0,0.0,0.0,0.0,5.327876168789581,0.0,0.0,0.0,2,smote_augmented
2019.0,0.0,60.0,531140.0,0.0,0.0,66737.0,0.0,4.110873864173311,0.0,11.108529784820083,2,smote_augmented
2021.0,0.0,0.0,200829.0,1033.0,0.0,0.0,0.0,0.0,0.0,0.0,0,smote_augmented
2022.0,0.0,529.0,2831.0,0.0,68506.0,0.0,0.0,6.272877006546167,11.134691208810318,0.0,0,smote_augmented
2024.0,0.0,644.0,385506.0,845.0,2528540.0,0.0,0.0,6.4692503167957724,14.74315301451803,0.0,1,smote_augmented
2010.0,0.0,0.0,0.0,11307.0,0.0,0.0,0.0,0.0,0.0,0.0,2,smote_augmented
2009.0,0.0,424.0,410012.0,0.0,0.0,0.0,0.0,6.052089168924417,0.0,0.0,0,smote_augmented
2020.0,24.0,0.0,441172.0,8519.0,0.0,44381.0,3.2188758248682006,0.0,0.0,10.700589260815923,2,smote_augmented
2019.0,107.0,62.0,0.0,0.0,39383.0,0.0,4.68213122712422,4.143134726391533,10.581114921438036,0.0,1,smote_augmented
2016.0,275.0,183.0,0.0,5143.0,0.0,0.0,5.62040086571715,5.214935757608986,0.0,0.0,1,smote_augmented
2006.0,64.0,948.0,0.0,0.0,0.0,0.0,4.174387269895637,6.855408798609928,0.0,0.0,1,smote_augmented
2024.0,0.0,0.0,268922.0,0.0,0.0,0.0,0.0,0.0,0.0,0.0,0,smote_augmented
2017.0,1428.0,0.0,94185.0,0.0,0.0,10231.0,7.264730177929867,0.0,0.0,9.23327534325868,2,smote_augmented
2020.0,52.0,0.0,0.0,3818.0,0.0,0.0,3.970291913552122,0.0,0.0,0.0,1,smote_augmented
2020.0,48.0,0.0,0.0,1537.0,0.0,0.0,3.8918202981106265,0.0,0.0,0.0,0,smote_augmented
2022.0,0.0,0.0,0.0,0.0,0.0,2046762.0,0.0,0.0,0.0,14.531770078751443,1,smote_augmented
2021.0,0.0,578.0,0.0,11284.0,0.0,731638.0,0.0,6.361302477572996,0.0,13.503042501896516,2,smote_augmented
2022.0,39.0,414.0,0.0,0.0,571187.0,0.0,3.6888794541139363,6.028278520230698,13.25547368138347,0.0,1,smote_augmented
2006.0,5.0,424.0,563857.0,0.0,451118.0,0.0,1.791759469228055,6.052089168924417,13.019486441773518,0.0,2,smote_augmented
2012.0,82.0,101.0,0.0,0.0,0.0,0.0,4.418840607796598,4.624972813284271,0.0,0.0,1,smote_augmented
2006.0,33.0,0.0,0.0,0.0,0.0,0.0,3.5263605246161616,0.0,0.0,0.0,2,smote_augmented
2024.0,178.0,216.0,57518.0,0.0,57138.0,0.0,5.187385805840755,5.37989735354046,10.953242174756578,0.0,1,smote_augmented
2024.0,611.0,201.0,0.0,386.0,0.0,0.0,6.416732282512326,5.308267697401205,0.0,0.0,1,smote_augmented
2023.0,0.0,291.0,0.0,0.0,0.0,0.0,0.0,5.676753802268282,0.0,0.0,0,smote_augmented
2008.0,0.0,0.0,0.0,9711.0,87022.0,0.0,0.0,0.0,11.373927730513799,0.0,2,smote_augmented
2019.0,0.0,0.0,5493833.0,0.0,954039.0,4208.0,0.0,0.0,13.768460878272613,8.344980368770571,2,smote_augmented
2012.0,0.0,298.0,0.0,17931.0,511699.0,0.0,0.0,5.700443573390687,13.145493794793182,0.0,2,smote_augmented
2017.0,0.0,0.0,651058.0,0.0,0.0,89190.0,0.0,0.0,0.0,11.398535416616683,0,smote_augmented
2011.0,127.0,0.0,0.0,0.0,0.0,0.0,4.852030263919617,0.0,0.0,0.0,1,smote_augmented
2014.0,48.0,0.0,488764.0,0.0,0.0,410893.0,3.8918202981106265,0.0,0.0,12.926090552671923,0,smote_augmented
2024.0,0.0,0.0,0.0,0.0,0.0,345223.0,0.0,0.0,0.0,12.751948760687759,2,smote_augmented
2024.0,0.0,845.0,0.0,6041.0,0.0,0.0,0.0,6.740519359606223,0.0,0.0,0,smote_augmented
2024.0,111.0,0.0,0.0,15889.0,0.0,0.0,4.718498871295094,0.0,0.0,0.0,2,smote_augmented
2009.0,0.0,0.0,0.0,0.0,0.0,95575.0,0.0,0.0,0.0,11.46767702149706,2,smote_augmented
2024.0,0.0,0.0,0.0,0.0,0.0,0.0,0.0,0.0,0.0,0.0,2,smote_augmented
2020.0,0.0,0.0,17788386.0,0.0,3160744.0,0.0,0.0,0.0,14.966318317269863,0.0,1,smote_augmented
2024.0,0.0,0.0,33096.0,0.0,464947.0,0.0,0.0,0.0,13.049680850359293,0.0,0,smote_augmented
2006.0,6.0,0.0,1861739.0,0.0,1019247.0,0.0,1.9459101490553132,0.0,13.834575658452447,0.0,2,smote_augmented
2003.0,0.0,420.0,601377.0,0.0,672228.0,30757.0,0.0,6.042632833682381,13.418354335264603,10.33390540199987,0,smote_augmented
2006.0,0.0,0.0,0.0,0.0,53138.0,0.0,0.0,0.0,10.880666400920706,0.0,0,smote_augmented
2021.0,865.0,0.0,0.0,11954.0,0.0,0.0,6.763884908562435,0.0,0.0,0.0,1,smote_augmented
2018.0,0.0,702.0,132573.0,0.0,0.0,0.0,0.0,6.555356891810665,0.0,0.0,2,smote_augmented
2004.0,0.0,320.0,0.0,6027.0,0.0,0.0,0.0,5.771441123130016,0.0,0.0,0,smote_augmented
2011.0,0.0,0.0,0.0,0.0,276664.0,0.0,0.0,0.0,12.530562666990141,0.0,2,smote_augmented
2017.0,58.0,0.0,0.0,0.0,0.0,0.0,4.07753744390572,0.0,0.0,0.0,2,smote_augmented
2008.0,25.0,564.0,287025.0,0.0,1098741.0,281313.0,3.258096538021482,6.336825731146441,13.90967644695388,12.547226762169483,2,smote_augmented
2018.0,0.0,0.0,179994.0,13526.0,0.0,0.0,0.0,0.0,0.0,0.0,0,smote_augmented
2022.0,0.0,0.0,0.0,0.0,0.0,0.0,0.0,0.0,0.0,0.0,2,smote_augmented
2023.0,49.0,0.0,0.0,5015.0,0.0,0.0,3.912023005428146,0.0,0.0,0.0,2,smote_augmented
2023.0,1.0,0.0,0.0,0.0,0.0,0.0,0.6931471805599453,0.0,0.0,0.0,1,smote_augmented
2008.0,0.0,0.0,372053.0,0.0,1748045.0,0.0,0.0,0.0,14.374009150640838,0.0,2,smote_augmented
2017.0,0.0,0.0,0.0,0.0,607110.0,0.0,0.0,0.0,13.31646691988042,0.0,1,smote_augmented
2018.0,0.0,0.0,477243.0,4661.0,0.0,0.0,0.0,0.0,0.0,0.0,0,smote_augmented
2009.0,0.0,287.0,0.0,0.0,304435.0,0.0,0.0,5.662960480135946,12.626216163417073,0.0,1,smote_augmented
2020.0,17.0,0.0,0.0,0.0,0.0,0.0,2.8903717578961645,0.0,0.0,0.0,2,smote_augmented
2013.0,0.0,0.0,0.0,0.0,671111.0,0.0,0.0,0.0,13.416691317077213,0.0,1,smote_augmented
2008.0,59.0,0.0,108506.0,0.0,1757389.0,0.0,4.0943445622221,0.0,14.379340311803496,0.0,1,smote_augmented
2010.0,0.0,0.0,0.0,0.0,1807024.0,35155.0,0.0,0.0,14.407192404564439,10.467550579684536,2,smote_augmented
2021.0,0.0,0.0,0.0,5795.0,0.0,149914.0,0.0,0.0,0.0,11.91782374579549,2,smote_augmented
2020.0,0.0,0.0,0.0,3867.0,0.0,15766.0,0.0,0.0,0.0,9.665674427237482,0,smote_augmented
2024.0,0.0,379.0,0.0,6876.0,0.0,0.0,0.0,5.940171252720432,0.0,0.0,1,smote_augmented
2014.0,0.0,333.0,223280.0,0.0,0.0,128237.0,0.0,5.811140992976701,0.0,11.761643191403866,2,smote_augmented
2014.0,122.0,0.0,145762.0,8862.0,0.0,0.0,4.812184355372417,0.0,0.0,0.0,2,smote_augmented
2024.0,0.0,0.0,0.0,1968.0,165722.0,2168020.0,0.0,0.0,12.018072998851524,14.589325327841625,2,smote_augmented
2024.0,0.0,15.0,0.0,22699.0,0.0,0.0,0.0,2.772588722239781,0.0,0.0,2,smote_augmented
2018.0,0.0,253.0,24157.0,0.0,0.0,306053.0,0.0,5.537334267018537,0.0,12.63151683595365,0,smote_augmented
2020.0,0.0,449.0,172837.0,0.0,0.0,9840.0,0.0,6.1092475827643655,0.0,9.194312610898985,1,smote_augmented
2024.0,0.0,0.0,300663.0,0.0,1748508.0,0.0,0.0,0.0,14.374273982741409,0.0,0,smote_augmented
2019.0,0.0,0.0,0.0,14765.0,4012947.0,0.0,0.0,0.0,15.205036691278233,0.0,1,smote_augmented
2024.0,1336.0,0.0,71760.0,0.0,0.0,672686.0,7.198183577101943,0.0,0.0,13.41903541871919,2,smote_augmented
2010.0,491.0,0.0,20827.0,0.0,0.0,804875.0,6.198478716492308,0.0,0.0,13.598443507268662,2,smote_augmented
2006.0,135.0,0.0,0.0,137445.0,0.0,59012.0,4.912654885736052,0.0,0.0,10.985513037599839,2,smote_augmented
2016.0,15.0,0.0,0.0,0.0,0.0,121205.0,2.772588722239781,0.0,0.0,11.705246856342516,0,smote_augmented
2005.0,46.0,0.0,0.0,0.0,0.0,93865.0,3.8501476017100584,0.0,0.0,11.449623512299967,2,smote_augmented
2024.0,0.0,0.0,0.0,0.0,0.0,0.0,0.0,0.0,0.0,0.0,1,smote_augmented
2022.0,0.0,0.0,17618790.0,0.0,0.0,307460.0,0.0,0.0,0.0,12.636103528916905,2,smote_augmented
2021.0,0.0,0.0,19481.0,149776.0,0.0,0.0,0.0,0.0,0.0,0.0,2,smote_augmented
2021.0,3.0,0.0,2861579.0,0.0,25997.0,0.0,1.3862943611198906,0.0,10.165774890967965,0.0,2,smote_augmented
2021.0,0.0,521.0,0.0,0.0,0.0,0.0,0.0,6.257667587882639,0.0,0.0,1,smote_augmented
2024.0,0.0,0.0,54675.0,0.0,639895.0,0.0,0.0,0.0,13.369060942131298,0.0,1,smote_augmented
2015.0,0.0,110.0,362373.0,10747.0,371462.0,0.0,0.0,4.709530201312334,12.825204541948423,0.0,0,smote_augmented
2013.0,0.0,0.0,0.0,0.0,0.0,1839880.0,0.0,0.0,0.0,14.425211453580678,2,smote_augmented
2023.0,0.0,198.0,237467.0,0.0,0.0,1091127.0,0.0,5.293304824724492,0.0,13.902722581489709,2,smote_augmented
2020.0,0.0,231.0,0.0,0.0,22150.0,207939.0,0.0,5.44673737166631,10.00563792118106,12.245004855531961,2,smote_augmented
2024.0,0.0,0.0,611933.0,20779.0,0.0,161969.0,0.0,0.0,0.0,11.995166411880442,2,smote_augmented
2016.0,0.0,0.0,0.0,0.0,0.0,0.0,0.0,0.0,0.0,0.0,0,smote_augmented
2003.0,0.0,39.0,582335.0,0.0,0.0,0.0,0.0,3.6888794541139363,0.0,0.0,2,smote_augmented
2024.0,0.0,614.0,18128249.0,0.0,0.0,0.0,0.0,6.421622267806518,0.0,0.0,1,smote_augmented
2015.0,46.0,0.0,545689.0,0.0,2423225.0,49137.0,3.8501476017100584,0.0,14.700610268251337,10.8023879452062,0,smote_augmented
2007.0,0.0,0.0,0.0,0.0,151337.0,0.0,0.0,0.0,11.92727102488433,0.0,1,smote_augmented
2021.0,0.0,128.0,0.0,0.0,0.0,775035.0,0.0,4.859812404361672,0.0,13.560664758869544,1,smote_augmented
2024.0,748.0,154.0,166600.0,0.0,30919.0,0.0,6.618738983517219,5.043425116919247,10.339158502701359,0.0,2,smote_augmented
2020.0,0.0,0.0,84035.0,0.0,305821.0,22688.0,0.0,0.0,12.630758512335408,10.029635504524139,1,smote_augmented
2023.0,37.0,0.0,641909.0,0.0,0.0,0.0,3.6375861597263857,0.0,0.0,0.0,1,smote_augmented
2024.0,77.0,696.0,0.0,0.0,0.0,0.0,4.356708826689592,6.546785410760524,0.0,0.0,1,smote_augmented
2002.0,0.0,0.0,0.0,0.0,0.0,113011.0,0.0,0.0,0.0,11.635249286746486,0,smote_augmented
2024.0,0.0,470.0,0.0,4862.0,0.0,994053.0,0.0,6.154858094016418,0.0,13.809546810118844,2,smote_augmented
2007.0,0.0,68.0,0.0,0.0,0.0,0.0,0.0,4.23410650459726,0.0,0.0,0,smote_augmented
2015.0,380.0,491.0,23243016.0,0.0,0.0,0.0,5.942799375126701,6.198478716492308,0.0,0.0,2,smote_augmented
2009.0,0.0,0.0,100037.0,0.0,14270502.0,210098.0,0.0,0.0,16.473705237605447,12.255334127183497,2,smote_augmented
2024.0,0.0,0.0,93007.0,37457.0,325173.0,0.0,0.0,0.0,12.692115702660049,0.0,0,smote_augmented
2021.0,247.0,0.0,9033085.0,0.0,1187464.0,116570.0,5.5134287461649825,0.0,13.987331340772366,11.666255808413585,2,smote_augmented
2024.0,142.0,700.0,0.0,2711.0,579468.0,0.0,4.962844630259907,6.55250788703459,13.26986744593935,0.0,1,smote_augmented
2009.0,0.0,0.0,9803736.0,0.0,0.0,0.0,0.0,0.0,0.0,0.0,0,smote_augmented
2007.0,240.0,0.0,307518.0,0.0,0.0,0.0,5.484796933490655,0.0,0.0,0.0,2,smote_augmented
2024.0,0.0,0.0,0.0,0.0,0.0,0.0,0.0,0.0,0.0,0.0,2,smote_augmented
2024.0,22.0,0.0,0.0,13103.0,14835274.0,750770.0,3.1354942159291497,0.0,16.512518348778254,13.528855957482339,0,smote_augmented
2011.0,136.0,257.0,279515.0,0.0,75209.0,0.0,4.919980925828125,5.552959584921617,11.228039479820449,0.0,2,smote_augmented
2000.0,1550.0,0.0,405531.0,10913.0,0.0,0.0,7.346655163176539,0.0,0.0,0.0,2,smote_augmented
2019.0,149.0,0.0,450695.0,0.0,1186567.0,0.0,5.0106352940962555,0.0,13.986575664635861,0.0,0,smote_augmented
2017.0,0.0,365.0,0.0,0.0,1757862.0,296071.0,0.0,5.902633333401366,14.379609424725299,12.5983579469706,0,smote_augmented
2007.0,134.0,1007.0,0.0,0.0,0.0,0.0,4.90527477843843,6.915723448631314,0.0,0.0,1,smote_augmented
2006.0,0.0,0.0,0.0,3024.0,0.0,0.0,0.0,0.0,0.0,0.0,2,smote_augmented
2013.0,0.0,0.0,15255257.0,0.0,0.0,0.0,0.0,0.0,0.0,0.0,2,smote_augmented
2024.0,27.0,0.0,0.0,25365.0,0.0,0.0,3.332204510175204,0.0,0.0,0.0,1,smote_augmented
2024.0,33.0,82.0,114192.0,0.0,261467.0,0.0,3.5263605246161616,4.418840607796598,12.474067184062278,0.0,1,smote_augmented
2024.0,0.0,0.0,0.0,9670.0,0.0,0.0,0.0,0.0,0.0,0.0,0,smote_augmented
2009.0,0.0,613.0,0.0,0.0,84777.0,0.0,0.0,6.419994928147142,11.347791354158918,0.0,1,smote_augmented
2004.0,79.0,0.0,246199.0,0.0,0.0,0.0,4.382026634673881,0.0,0.0,0.0,1,smote_augmented
2014.0,27.0,272.0,235446.0,0.0,0.0,164237.0,3.332204510175204,5.60947179518496,0.0,12.009071874317161,1,smote_augmented
2023.0,0.0,0.0,8717543.0,0.0,0.0,0.0,0.0,0.0,0.0,0.0,2,smote_augmented
2009.0,94.0,0.0,0.0,0.0,0.0,0.0,4.553876891600541,0.0,0.0,0.0,2,smote_augmented
2024.0,28.0,0.0,0.0,0.0,65293.0,2654181.0,3.367295829986474,0.0,11.086655427428875,14.791647067257822,2,smote_augmented
2024.0,0.0,0.0,58136.0,9278.0,2201358.0,0.0,0.0,0.0,14.604585454886315,0.0,2,smote_augmented
2008.0,0.0,0.0,810611.0,0.0,0.0,0.0,0.0,0.0,0.0,0.0,2,smote_augmented
2024.0,1335.0,630.0,212610.0,0.0,1752078.0,0.0,7.197435354096591,6.447305862541213,14.376313640786092,0.0,1,smote_augmented
2010.0,195.0,0.0,0.0,28119.0,277304.0,0.0,5.278114659230517,0.0,12.532873262454656,0.0,1,smote_augmented
2024.0,0.0,86.0,366927.0,0.0,1052798.0,0.0,0.0,4.465908118654584,13.866962889704714,0.0,2,smote_augmented
2005.0,268.0,0.0,0.0,0.0,0.0,0.0,5.594711379601839,0.0,0.0,0.0,1,smote_augmented
2023.0,0.0,0.0,0.0,16229.0,314747.0,0.0,0.0,0.0,12.659527597637002,0.0,0,smote_augmented
2020.0,0.0,283.0,0.0,29495.0,0.0,0.0,0.0,5.648974238161206,0.0,0.0,1,smote_augmented
2023.0,0.0,0.0,1526869.0,18924.0,2705957.0,349666.0,0.0,0.0,14.810966566528116,12.764736551998716,2,smote_augmented
2020.245789163937,11.245789163937,0.0,0.0,0.0,0.0,0.0,2.502583933804897,0.0,0.0,0.0,0,smote_augmented
2002.999221234159,0.0015575316820286567,59.95327404953914,0.0,399.84424683179714,459.79752088133625,0.0,0.0008555617229332966,4.107672456031175,6.1327515948182985,0.0,0,smote_augmented
2017.0545190849614,0.0,362.1572191412944,2341.695948824694,0.0,1757789.14692561,293765.0685709101,0.0,5.856661023658487,14.379567869951751,12.5002363830726,0,smote_augmented
2006.0,39.76503698074457,0.0,0.0,0.0,0.0,0.0,3.7075425940570432,0.0,0.0,0.0,0,smote_augmented
2023.3883468395118,21.834959481464843,0.0,0.0,0.0,0.0,0.0,3.126197336046614,0.0,0.0,0.0,0,smote_augmented
2022.950535863462,15.957602168681696,13.936403253022544,0.0,0.0,13.936403253022544,0.0,2.8301372536970497,2.701575411120789,2.701575411120789,0.0,0,smote_augmented
2021.9769375749586,0.0,0.0,17711.00408929581,0.0,174.97461878922135,0.0,0.0,0.0,0.20604716211822569,0.0,0,smote_augmented
2004.0495493205167,25.0,0.0,0.0,0.0,0.0,0.0,3.258096538021482,0.0,0.0,0.0,0,smote_augmented
2007.7997219434305,41.99930485857628,4.801112226277956,0.0,0.0,4.801112226277956,0.0,3.759583800726676,1.3186402227659173,1.3186402227659173,0.0,0,smote_augmented
2018.9533343367864,90.23332831606808,0.0,0.0,0.0,0.0,0.0,4.513355591474512,0.0,0.0,0.0,0,smote_augmented
2005.0,13.947511037682919,12.209955849268326,0.0,0.0,12.209955849268326,0.0,2.704294593707511,2.5775355041306134,2.5775355041306134,0.0,0,smote_augmented
2011.1638567021516,31.301685978709088,0.0,0.0,0.0,0.0,0.0,3.4743220831567743,0.0,0.0,0.0,0,smote_augmented
2013.2718193035985,8.181212869065641,4.090606434532821,0.0,0.0,4.090606434532821,0.0,2.2154066335672664,1.6259574186336736,1.6259574186336736,0.0,0,smote_augmented
2007.7103160559984,32.381613990666914,0.0,0.0,0.0,0.0,0.0,3.5078998698672623,0.0,0.0,0.0,0,smote_augmented
2014.9682981833896,13.824619912671627,0.0,450.1028935367991,0.0,450.1028935367991,0.0,2.6452055859030463,0.0,5.984804464220704,0.0,0,smote_augmented
2010.1341529135457,99.91615442903394,0.0,0.0,0.0,0.0,0.0,4.614269109919218,0.0,0.0,0.0,0,smote_augmented
2023.533237106752,12.80057735948788,6.534680505471719,47.99133960768181,0.0,54.52602011315353,0.0,2.601085595221813,1.2640173469272415,3.6693750191471315,0.0,0,smote_augmented
2022.7394636606268,0.0,15.406555259004733,79214.4026910846,1505.2204488047628,451853.5289237449,0.0,0.0,0.6596148844588203,13.018240789905935,0.0,0,smote_augmented
2021.3196924614122,0.0,44.437252136298625,248068.35656057674,9874.414712816364,0.0,0.0,0.0,1.5798058295030155,0.0,0.0,0,smote_augmented
2019.5495007480304,10.549500748030457,0.0,0.0,0.0,0.0,0.0,2.4457080895413323,0.0,0.0,0.0,0,smote_augmented
2022.0265299223197,0.0,137.15617039877856,347537.1540144711,28308.441529284588,0.0,0.0,0.0,4.8760917278074425,0.0,0.0,0,smote_augmented
2010.8266052670544,79.42201755684853,0.0,0.0,0.0,0.0,0.0,4.386833121770685,0.0,0.0,0.0,0,smote_augmented
2011.6076592073982,1.1265764356910786,0.0,0.0,1880.4669377303649,112.65764356910786,0.0,0.6188353581870687,0.0,2.9872891703520983,0.0,0,smote_augmented
2009.6041689644412,8.770833005079833,13.87499409143698,122.91669949201678,0.0,136.79169358345376,0.0,2.2745663749434946,1.3917073528500712,4.651031031342247,0.0,0,smote_augmented
2012.8722699822383,553.3596944937912,0.0,0.0,0.0,0.0,0.0,6.315972428026267,0.0,0.0,0.0,0,smote_augmented
2024.9588310114084,32.56772561978815,0.28818292014123426,903.2935190873284,0.0,903.5817020074696,0.0,3.5065703619299464,0.05574384391733511,6.807139875824398,0.0,1,smote_augmented
2008.819459112972,35.24072118270404,12.090270443514017,0.0,0.0,12.090270443514017,0.0,3.5895571493493215,2.571197256644704,2.571197256644704,0.0,1,smote_augmented
2021.8324426408003,21.643508660810966,401.9607023655397,0.0,0.0,0.0,0.0,2.7435951443840296,5.991176574181339,0.0,0.0,1,smote_augmented
2006.7876608893216,63.89667069133826,0.0,15000.0,0.0,15000.0,0.0,4.0575567684144636,0.0,9.61587214452889,0.0,1,smote_augmented
2018.2726254918935,17.27284940972781,0.0,10963.63500655858,0.0,10963.63500655858,0.0,2.8514114347946404,0.0,9.302405431277368,0.0,1,smote_augmented
2024.2663819605862,2.0,56.54594293835427,3000.0,0.0,3056.545942938354,2368.126921425042,1.0986122886681098,3.885415769872947,8.025341661434414,6.510561330105447,1,smote_augmented
2023.391515514081,105.3163843026127,348.77817420430057,0.0,0.0,0.0,0.0,4.445870882003209,5.855817178099179,0.0,0.0,1,smote_augmented
2018.3762178418388,20.366475107128323,4.752435683677621,3000.0,0.0,3004.7524356836775,0.0,2.43095515725214,1.1395843060168862,8.008281830159774,0.0,1,smote_augmented
2006.5680549813578,49.04164944073653,0.0,10345.556014913693,0.0,10345.556014913693,0.0,3.8638273435834822,0.0,9.243680106040125,0.0,1,smote_augmented
2004.3684371029706,41.982397289107695,26.93329267247441,7582.458280396084,0.0,7609.3915730685585,0.0,3.293769034842075,2.5966257378647866,8.9308257763954,0.0,1,smote_augmented
2009.2237057894447,16.520028157504246,0.0,50000.0,0.0,50000.0,0.0,2.038818975357667,0.0,10.819798284210286,0.0,1,smote_augmented
2017.1865798115234,46.36786764716031,0.0,17848.734651630104,0.0,17848.734651630104,0.0,3.694051418980902,0.0,9.788639114280253,0.0,1,smote_augmented
2020.1235660543944,49.98852843515476,25.18005015898611,1418.59663458155,0.0,1443.7766847405362,0.0,3.9044136704055084,3.164482211694162,7.274723098942664,0.0,1,smote_augmented
2012.5945131792864,87.00659852852638,2.564532903055842,21029.476779655273,42.131611978774544,21074.172924537103,0.0,3.70248222659814,0.7618280362313007,9.95365389103839,0.0,1,smote_augmented
2019.5271601893955,47.97921927398365,0.5439300157829641,36509.60108872072,0.0,36510.145018736504,0.0,3.7754409509383837,0.3770235568618881,10.501567213963437,0.0,1,smote_augmented
2008.3630644246768,0.8592961544279456,218.64951823243243,0.0,12889.442316419183,46228.384238131715,0.0,0.3457459522362907,5.0613298630567325,10.730601246977592,0.0,1,smote_augmented
2020.4075030103577,52.780753147343226,0.0,3400.16310892082,0.0,3400.16310892082,0.0,3.912873557856674,0.0,8.13003357702449,0.0,1,smote_augmented
2023.4857655615863,0.0,298.26005481404246,9530523.276680088,0.0,44324.951653499666,0.0,0.0,3.11940294721669,5.843961045493045,0.0,1,smote_augmented
2011.3317311197584,78.7633497545206,0.0,0.0,10353.485121766396,39049.94498646544,822692.7985588505,4.029673098947132,0.0,4.675050506108698,13.612590709642362,1,smote_augmented
2001.6967561908,142.0517149188002,0.0,0.0,0.0,0.0,102860.64876184001,4.950332029007776,0.0,0.0,11.541120970867992,1,smote_augmented
